funclet_addr,funclet_name,parent_addr,parent_namespace,parent_name,direction
00473f40,Unwind@00473f40,0046c8f0,CDSJpegImage,FUN_0046c8f0,before
00473f80,Unwind@00473f80,0046c8f0,CDSJpegImage,FUN_0046c8f0,before
00473f88,Unwind@00473f88,0046c8f0,CDSJpegImage,FUN_0046c8f0,before
00473fb0,Unwind@00473fb0,0046c8f0,CDSJpegImage,FUN_0046c8f0,before
00473fe0,Unwind@00473fe0,0046c8f0,CDSJpegImage,FUN_0046c8f0,before
00474020,Unwind@00474020,0046c8f0,CDSJpegImage,FUN_0046c8f0,before
00474028,Unwind@00474028,0046c8f0,CDSJpegImage,FUN_0046c8f0,before
00474030,Unwind@00474030,0046c8f0,CDSJpegImage,FUN_0046c8f0,before
00474060,Unwind@00474060,0046c8f0,CDSJpegImage,FUN_0046c8f0,before
00474068,Unwind@00474068,0046c8f0,CDSJpegImage,FUN_0046c8f0,before
00474090,Unwind@00474090,0046c8f0,CDSJpegImage,FUN_0046c8f0,before
00474098,Unwind@00474098,0046c8f0,CDSJpegImage,FUN_0046c8f0,before
004740a3,Unwind@004740a3,0046c8f0,CDSJpegImage,FUN_0046c8f0,before
004740ae,Unwind@004740ae,0046c8f0,CDSJpegImage,FUN_0046c8f0,before
004740b9,Unwind@004740b9,0046c8f0,CDSJpegImage,FUN_0046c8f0,before
004740e0,Unwind@004740e0,0046c8f0,CDSJpegImage,FUN_0046c8f0,before
00474110,Unwind@00474110,0046c8f0,CDSJpegImage,FUN_0046c8f0,before
00474140,Unwind@00474140,0046c8f0,CDSJpegImage,FUN_0046c8f0,before
00474190,Unwind@00474190,0046c8f0,CDSJpegImage,FUN_0046c8f0,before
004741c0,Unwind@004741c0,0046c8f0,CDSJpegImage,FUN_0046c8f0,before
004741c8,Unwind@004741c8,0046c8f0,CDSJpegImage,FUN_0046c8f0,before
004741d0,Unwind@004741d0,0046c8f0,CDSJpegImage,FUN_0046c8f0,before
004741d8,Unwind@004741d8,0046c8f0,CDSJpegImage,FUN_0046c8f0,before
004741e3,Unwind@004741e3,0046c8f0,CDSJpegImage,FUN_0046c8f0,before
004741eb,Unwind@004741eb,0046c8f0,CDSJpegImage,FUN_0046c8f0,before
004741f3,Unwind@004741f3,0046c8f0,CDSJpegImage,FUN_0046c8f0,before
004741fb,Unwind@004741fb,0046c8f0,CDSJpegImage,FUN_0046c8f0,before
00474203,Unwind@00474203,0046c8f0,CDSJpegImage,FUN_0046c8f0,before
0047420e,Unwind@0047420e,0046c8f0,CDSJpegImage,FUN_0046c8f0,before
00474240,Unwind@00474240,0046c8f0,CDSJpegImage,FUN_0046c8f0,before
00474280,Unwind@00474280,0046c8f0,CDSJpegImage,FUN_0046c8f0,before
004742b0,Unwind@004742b0,0046c8f0,CDSJpegImage,FUN_0046c8f0,before
004742be,Unwind@004742be,0046c8f0,CDSJpegImage,FUN_0046c8f0,before
004742f0,Unwind@004742f0,0046c8f0,CDSJpegImage,FUN_0046c8f0,before
004742f8,Unwind@004742f8,0046c8f0,CDSJpegImage,FUN_0046c8f0,before
00474306,Unwind@00474306,0046c8f0,CDSJpegImage,FUN_0046c8f0,before
00474314,Unwind@00474314,0046c8f0,CDSJpegImage,FUN_0046c8f0,before
00474322,Unwind@00474322,0046c8f0,CDSJpegImage,FUN_0046c8f0,before
00474350,Unwind@00474350,0046c8f0,CDSJpegImage,FUN_0046c8f0,before
00474358,Unwind@00474358,0046c8f0,CDSJpegImage,FUN_0046c8f0,before
00474366,Unwind@00474366,0046c8f0,CDSJpegImage,FUN_0046c8f0,before
00474374,Unwind@00474374,0046c8f0,CDSJpegImage,FUN_0046c8f0,before
004743a0,Unwind@004743a0,0046c8f0,CDSJpegImage,FUN_0046c8f0,before
004743d0,Unwind@004743d0,0046c8f0,CDSJpegImage,FUN_0046c8f0,before
00474400,Unwind@00474400,0046c8f0,CDSJpegImage,FUN_0046c8f0,before
0047440b,Unwind@0047440b,0046c8f0,CDSJpegImage,FUN_0046c8f0,before
00474416,Unwind@00474416,0046c8f0,CDSJpegImage,FUN_0046c8f0,before
00474450,Unwind@00474450,0046c8f0,CDSJpegImage,FUN_0046c8f0,before
00474480,Unwind@00474480,0046c8f0,CDSJpegImage,FUN_0046c8f0,before
00474488,Unwind@00474488,0046c8f0,CDSJpegImage,FUN_0046c8f0,before
00474493,Unwind@00474493,0046c8f0,CDSJpegImage,FUN_0046c8f0,before
004744c0,Unwind@004744c0,0046c8f0,CDSJpegImage,FUN_0046c8f0,before
004744f0,Unwind@004744f0,0046c8f0,CDSJpegImage,FUN_0046c8f0,before
004744f8,Unwind@004744f8,0046c8f0,CDSJpegImage,FUN_0046c8f0,before
00474520,Unwind@00474520,0046c8f0,CDSJpegImage,FUN_0046c8f0,before
00474528,Unwind@00474528,0046c8f0,CDSJpegImage,FUN_0046c8f0,before
00474570,Unwind@00474570,0046c8f0,CDSJpegImage,FUN_0046c8f0,before
004745a0,Unwind@004745a0,0046c8f0,CDSJpegImage,FUN_0046c8f0,before
004745d0,Unwind@004745d0,0046c8f0,CDSJpegImage,FUN_0046c8f0,before
00474600,Unwind@00474600,0046c8f0,CDSJpegImage,FUN_0046c8f0,before
00474630,Unwind@00474630,0046c8f0,CDSJpegImage,FUN_0046c8f0,before
00474660,Unwind@00474660,0046c8f0,CDSJpegImage,FUN_0046c8f0,before
00474690,Unwind@00474690,0046c8f0,CDSJpegImage,FUN_0046c8f0,before
004746c0,Unwind@004746c0,0046c8f0,CDSJpegImage,FUN_0046c8f0,before
004746c8,Unwind@004746c8,0046c8f0,CDSJpegImage,FUN_0046c8f0,before
004746f0,Unwind@004746f0,0046c8f0,CDSJpegImage,FUN_0046c8f0,before
00474720,Unwind@00474720,0046c8f0,CDSJpegImage,FUN_0046c8f0,before
00474728,Unwind@00474728,0046c8f0,CDSJpegImage,FUN_0046c8f0,before
0047473e,Unwind@0047473e,0046c8f0,CDSJpegImage,FUN_0046c8f0,before
00474770,Unwind@00474770,0046c8f0,CDSJpegImage,FUN_0046c8f0,before
004747a0,Unwind@004747a0,0046c8f0,CDSJpegImage,FUN_0046c8f0,before
004747a8,Unwind@004747a8,0046c8f0,CDSJpegImage,FUN_0046c8f0,before
004747cf,Unwind@004747cf,0046c8f0,CDSJpegImage,FUN_0046c8f0,before
00474800,Unwind@00474800,0046c8f0,CDSJpegImage,FUN_0046c8f0,before
00474830,Unwind@00474830,0046c8f0,CDSJpegImage,FUN_0046c8f0,before
00474860,Unwind@00474860,0046c8f0,CDSJpegImage,FUN_0046c8f0,before
00474890,Unwind@00474890,0046c8f0,CDSJpegImage,FUN_0046c8f0,before
004748c0,Unwind@004748c0,0046c8f0,CDSJpegImage,FUN_0046c8f0,before
004748f0,Unwind@004748f0,0046c8f0,CDSJpegImage,FUN_0046c8f0,before
00474920,Unwind@00474920,0046c8f0,CDSJpegImage,FUN_0046c8f0,before
00474950,Unwind@00474950,0046c8f0,CDSJpegImage,FUN_0046c8f0,before
00474958,Unwind@00474958,0046c8f0,CDSJpegImage,FUN_0046c8f0,before
00474960,Unwind@00474960,0046c8f0,CDSJpegImage,FUN_0046c8f0,before
0047496b,Unwind@0047496b,0046c8f0,CDSJpegImage,FUN_0046c8f0,before
004749a0,Unwind@004749a0,0046c8f0,CDSJpegImage,FUN_0046c8f0,before
004749a8,Unwind@004749a8,0046c8f0,CDSJpegImage,FUN_0046c8f0,before
004749b0,Unwind@004749b0,0046c8f0,CDSJpegImage,FUN_0046c8f0,before
004749bb,Unwind@004749bb,0046c8f0,CDSJpegImage,FUN_0046c8f0,before
004749f0,Unwind@004749f0,0046c8f0,CDSJpegImage,FUN_0046c8f0,before
00474a30,Unwind@00474a30,0046c8f0,CDSJpegImage,FUN_0046c8f0,before
00474a60,Unwind@00474a60,0046c8f0,CDSJpegImage,FUN_0046c8f0,before
00474a90,Unwind@00474a90,0046c8f0,CDSJpegImage,FUN_0046c8f0,before
00474a98,Unwind@00474a98,0046c8f0,CDSJpegImage,FUN_0046c8f0,before
00474aa3,Unwind@00474aa3,0046c8f0,CDSJpegImage,FUN_0046c8f0,before
00474ad0,Unwind@00474ad0,0046c8f0,CDSJpegImage,FUN_0046c8f0,before
00474b00,Unwind@00474b00,0046c8f0,CDSJpegImage,FUN_0046c8f0,before
00474b08,Unwind@00474b08,0046c8f0,CDSJpegImage,FUN_0046c8f0,before
00474b13,Unwind@00474b13,0046c8f0,CDSJpegImage,FUN_0046c8f0,before
00474b1e,Unwind@00474b1e,0046c8f0,CDSJpegImage,FUN_0046c8f0,before
00474b60,Unwind@00474b60,0046c8f0,CDSJpegImage,FUN_0046c8f0,before
00474b90,Unwind@00474b90,0046c8f0,CDSJpegImage,FUN_0046c8f0,before
00474b98,Unwind@00474b98,0046c8f0,CDSJpegImage,FUN_0046c8f0,before
00474ba3,Unwind@00474ba3,0046c8f0,CDSJpegImage,FUN_0046c8f0,before
00474bb1,Unwind@00474bb1,0046c8f0,CDSJpegImage,FUN_0046c8f0,before
00474be0,Unwind@00474be0,0046c8f0,CDSJpegImage,FUN_0046c8f0,before
00474be8,Unwind@00474be8,0046c8f0,CDSJpegImage,FUN_0046c8f0,before
00474c10,Unwind@00474c10,0046c8f0,CDSJpegImage,FUN_0046c8f0,before
00474c18,Unwind@00474c18,0046c8f0,CDSJpegImage,FUN_0046c8f0,before
00474c40,Unwind@00474c40,0046c8f0,CDSJpegImage,FUN_0046c8f0,before
00474c70,Unwind@00474c70,0046c8f0,CDSJpegImage,FUN_0046c8f0,before
00474c78,Unwind@00474c78,0046c8f0,CDSJpegImage,FUN_0046c8f0,before
00474c86,Unwind@00474c86,0046c8f0,CDSJpegImage,FUN_0046c8f0,before
00474cb0,Unwind@00474cb0,0046c8f0,CDSJpegImage,FUN_0046c8f0,before
00474ce0,Unwind@00474ce0,0046c8f0,CDSJpegImage,FUN_0046c8f0,before
00474d10,Unwind@00474d10,0046c8f0,CDSJpegImage,FUN_0046c8f0,before
00474d18,Unwind@00474d18,0046c8f0,CDSJpegImage,FUN_0046c8f0,before
00474d23,Unwind@00474d23,0046c8f0,CDSJpegImage,FUN_0046c8f0,before
00474d60,Unwind@00474d60,0046c8f0,CDSJpegImage,FUN_0046c8f0,before
00474d68,Unwind@00474d68,0046c8f0,CDSJpegImage,FUN_0046c8f0,before
00474d73,Unwind@00474d73,0046c8f0,CDSJpegImage,FUN_0046c8f0,before
00474d7e,Unwind@00474d7e,0046c8f0,CDSJpegImage,FUN_0046c8f0,before
00474dc0,Unwind@00474dc0,0046c8f0,CDSJpegImage,FUN_0046c8f0,before
00474dc8,Unwind@00474dc8,0046c8f0,CDSJpegImage,FUN_0046c8f0,before
00474e00,Unwind@00474e00,0046c8f0,CDSJpegImage,FUN_0046c8f0,before
00474e08,Unwind@00474e08,0046c8f0,CDSJpegImage,FUN_0046c8f0,before
00474e10,Unwind@00474e10,0046c8f0,CDSJpegImage,FUN_0046c8f0,before
00474e26,Unwind@00474e26,0046c8f0,CDSJpegImage,FUN_0046c8f0,before
00474e31,Unwind@00474e31,0046c8f0,CDSJpegImage,FUN_0046c8f0,before
00474e60,Unwind@00474e60,0046c8f0,CDSJpegImage,FUN_0046c8f0,before
00474e68,Unwind@00474e68,0046c8f0,CDSJpegImage,FUN_0046c8f0,before
00474e73,Unwind@00474e73,0046c8f0,CDSJpegImage,FUN_0046c8f0,before
00474e7e,Unwind@00474e7e,0046c8f0,CDSJpegImage,FUN_0046c8f0,before
00474eb0,Unwind@00474eb0,0046c8f0,CDSJpegImage,FUN_0046c8f0,before
00474eb8,Unwind@00474eb8,0046c8f0,CDSJpegImage,FUN_0046c8f0,before
00474ef0,Unwind@00474ef0,0046c8f0,CDSJpegImage,FUN_0046c8f0,before
00474f20,Unwind@00474f20,0046c8f0,CDSJpegImage,FUN_0046c8f0,before
00474f50,Unwind@00474f50,0046c8f0,CDSJpegImage,FUN_0046c8f0,before
00474f80,Unwind@00474f80,0046c8f0,CDSJpegImage,FUN_0046c8f0,before
00474f88,Unwind@00474f88,0046c8f0,CDSJpegImage,FUN_0046c8f0,before
00474fb0,Unwind@00474fb0,0046c8f0,CDSJpegImage,FUN_0046c8f0,before
00474fb8,Unwind@00474fb8,0046c8f0,CDSJpegImage,FUN_0046c8f0,before
00474fe0,Unwind@00474fe0,0046c8f0,CDSJpegImage,FUN_0046c8f0,before
00474fe8,Unwind@00474fe8,0046c8f0,CDSJpegImage,FUN_0046c8f0,before
00475010,Unwind@00475010,0046c8f0,CDSJpegImage,FUN_0046c8f0,before
00475040,Unwind@00475040,0046c8f0,CDSJpegImage,FUN_0046c8f0,before
00475048,Unwind@00475048,0046c8f0,CDSJpegImage,FUN_0046c8f0,before
00475090,Unwind@00475090,0046c8f0,CDSJpegImage,FUN_0046c8f0,before
00475098,Unwind@00475098,0046c8f0,CDSJpegImage,FUN_0046c8f0,before
004750c0,Unwind@004750c0,0046c8f0,CDSJpegImage,FUN_0046c8f0,before
004750f0,Unwind@004750f0,0046c8f0,CDSJpegImage,FUN_0046c8f0,before
00475120,Unwind@00475120,0046c8f0,CDSJpegImage,FUN_0046c8f0,before
0047512b,Unwind@0047512b,0046c8f0,CDSJpegImage,FUN_0046c8f0,before
00475160,Unwind@00475160,0046c8f0,CDSJpegImage,FUN_0046c8f0,before
00475168,Unwind@00475168,0046c8f0,CDSJpegImage,FUN_0046c8f0,before
00475173,Unwind@00475173,0046c8f0,CDSJpegImage,FUN_0046c8f0,before
0047517e,Unwind@0047517e,0046c8f0,CDSJpegImage,FUN_0046c8f0,before
00475189,Unwind@00475189,0046c8f0,CDSJpegImage,FUN_0046c8f0,before
004751b0,Unwind@004751b0,0046c8f0,CDSJpegImage,FUN_0046c8f0,before
004751e0,Unwind@004751e0,0046c8f0,CDSJpegImage,FUN_0046c8f0,before
004751e8,Unwind@004751e8,0046c8f0,CDSJpegImage,FUN_0046c8f0,before
004751f0,Unwind@004751f0,0046c8f0,CDSJpegImage,FUN_0046c8f0,before
004751f8,Unwind@004751f8,0046c8f0,CDSJpegImage,FUN_0046c8f0,before
00475200,Unwind@00475200,0046c8f0,CDSJpegImage,FUN_0046c8f0,before
00475208,Unwind@00475208,0046c8f0,CDSJpegImage,FUN_0046c8f0,before
00475230,Unwind@00475230,0046c8f0,CDSJpegImage,FUN_0046c8f0,before
00475260,Unwind@00475260,0046c8f0,CDSJpegImage,FUN_0046c8f0,before
0047526b,Unwind@0047526b,0046c8f0,CDSJpegImage,FUN_0046c8f0,before
00475276,Unwind@00475276,0046c8f0,CDSJpegImage,FUN_0046c8f0,before
004752b0,Unwind@004752b0,0046c8f0,CDSJpegImage,FUN_0046c8f0,before
004752c6,Unwind@004752c6,0046c8f0,CDSJpegImage,FUN_0046c8f0,before
004752d1,Unwind@004752d1,0046c8f0,CDSJpegImage,FUN_0046c8f0,before
004752dc,Unwind@004752dc,0046c8f0,CDSJpegImage,FUN_0046c8f0,before
004752e7,Unwind@004752e7,0046c8f0,CDSJpegImage,FUN_0046c8f0,before
00475310,Unwind@00475310,0046c8f0,CDSJpegImage,FUN_0046c8f0,before
00475318,Unwind@00475318,0046c8f0,CDSJpegImage,FUN_0046c8f0,before
00475320,Unwind@00475320,0046c8f0,CDSJpegImage,FUN_0046c8f0,before
00475328,Unwind@00475328,0046c8f0,CDSJpegImage,FUN_0046c8f0,before
00475350,Unwind@00475350,0046c8f0,CDSJpegImage,FUN_0046c8f0,before
00475366,Unwind@00475366,0046c8f0,CDSJpegImage,FUN_0046c8f0,before
00475371,Unwind@00475371,0046c8f0,CDSJpegImage,FUN_0046c8f0,before
0047537c,Unwind@0047537c,0046c8f0,CDSJpegImage,FUN_0046c8f0,before
00475387,Unwind@00475387,0046c8f0,CDSJpegImage,FUN_0046c8f0,before
004753b0,Unwind@004753b0,0046c8f0,CDSJpegImage,FUN_0046c8f0,before
004753e0,Unwind@004753e0,0046c8f0,CDSJpegImage,FUN_0046c8f0,before
00475410,Unwind@00475410,0046c8f0,CDSJpegImage,FUN_0046c8f0,before
00475418,Unwind@00475418,0046c8f0,CDSJpegImage,FUN_0046c8f0,before
00475423,Unwind@00475423,0046c8f0,CDSJpegImage,FUN_0046c8f0,before
00475450,Unwind@00475450,0046c8f0,CDSJpegImage,FUN_0046c8f0,before
00475458,Unwind@00475458,0046c8f0,CDSJpegImage,FUN_0046c8f0,before
00475480,Unwind@00475480,0046c8f0,CDSJpegImage,FUN_0046c8f0,before
00475488,Unwind@00475488,0046c8f0,CDSJpegImage,FUN_0046c8f0,before
004754b0,Unwind@004754b0,0046c8f0,CDSJpegImage,FUN_0046c8f0,before
004754e0,Unwind@004754e0,0046c8f0,CDSJpegImage,FUN_0046c8f0,before
00475510,Unwind@00475510,0046c8f0,CDSJpegImage,FUN_0046c8f0,before
00475540,Unwind@00475540,0046c8f0,CDSJpegImage,FUN_0046c8f0,before
00475570,Unwind@00475570,0046c8f0,CDSJpegImage,FUN_0046c8f0,before
004755a0,Unwind@004755a0,0046c8f0,CDSJpegImage,FUN_0046c8f0,before
004755d0,Unwind@004755d0,0046c8f0,CDSJpegImage,FUN_0046c8f0,before
00475600,Unwind@00475600,0046c8f0,CDSJpegImage,FUN_0046c8f0,before
00475630,Unwind@00475630,0046c8f0,CDSJpegImage,FUN_0046c8f0,before
00475660,Unwind@00475660,0046c8f0,CDSJpegImage,FUN_0046c8f0,before
00475668,Unwind@00475668,0046c8f0,CDSJpegImage,FUN_0046c8f0,before
00475670,Unwind@00475670,0046c8f0,CDSJpegImage,FUN_0046c8f0,before
0047567b,Unwind@0047567b,0046c8f0,CDSJpegImage,FUN_0046c8f0,before
004756b0,Unwind@004756b0,0046c8f0,CDSJpegImage,FUN_0046c8f0,before
004756b8,Unwind@004756b8,0046c8f0,CDSJpegImage,FUN_0046c8f0,before
004756c3,Unwind@004756c3,0046c8f0,CDSJpegImage,FUN_0046c8f0,before
004756ce,Unwind@004756ce,0046c8f0,CDSJpegImage,FUN_0046c8f0,before
004756d9,Unwind@004756d9,0046c8f0,CDSJpegImage,FUN_0046c8f0,before
00475700,Unwind@00475700,0046c8f0,CDSJpegImage,FUN_0046c8f0,before
00475708,Unwind@00475708,0046c8f0,CDSJpegImage,FUN_0046c8f0,before
00475713,Unwind@00475713,0046c8f0,CDSJpegImage,FUN_0046c8f0,before
0047571e,Unwind@0047571e,0046c8f0,CDSJpegImage,FUN_0046c8f0,before
00475729,Unwind@00475729,0046c8f0,CDSJpegImage,FUN_0046c8f0,before
00475750,Unwind@00475750,0046c8f0,CDSJpegImage,FUN_0046c8f0,before
00475780,Unwind@00475780,0046c8f0,CDSJpegImage,FUN_0046c8f0,before
0047578b,Unwind@0047578b,0046c8f0,CDSJpegImage,FUN_0046c8f0,before
00475796,Unwind@00475796,0046c8f0,CDSJpegImage,FUN_0046c8f0,before
004757a1,Unwind@004757a1,0046c8f0,CDSJpegImage,FUN_0046c8f0,before
004757ac,Unwind@004757ac,0046c8f0,CDSJpegImage,FUN_0046c8f0,before
004757b7,Unwind@004757b7,0046c8f0,CDSJpegImage,FUN_0046c8f0,before
004757c2,Unwind@004757c2,0046c8f0,CDSJpegImage,FUN_0046c8f0,before
004757cd,Unwind@004757cd,0046c8f0,CDSJpegImage,FUN_0046c8f0,before
004757d8,Unwind@004757d8,0046c8f0,CDSJpegImage,FUN_0046c8f0,before
00475800,Unwind@00475800,0046c8f0,CDSJpegImage,FUN_0046c8f0,before
00475830,Unwind@00475830,0046c8f0,CDSJpegImage,FUN_0046c8f0,before
00475838,Unwind@00475838,0046c8f0,CDSJpegImage,FUN_0046c8f0,before
00475843,Unwind@00475843,0046c8f0,CDSJpegImage,FUN_0046c8f0,before
0047584e,Unwind@0047584e,0046c8f0,CDSJpegImage,FUN_0046c8f0,before
00475859,Unwind@00475859,0046c8f0,CDSJpegImage,FUN_0046c8f0,before
00475864,Unwind@00475864,0046c8f0,CDSJpegImage,FUN_0046c8f0,before
0047586f,Unwind@0047586f,0046c8f0,CDSJpegImage,FUN_0046c8f0,before
004758a0,Unwind@004758a0,0046c8f0,CDSJpegImage,FUN_0046c8f0,before
004758d0,Unwind@004758d0,0046c8f0,CDSJpegImage,FUN_0046c8f0,before
00475900,Unwind@00475900,0046c8f0,CDSJpegImage,FUN_0046c8f0,before
00475908,Unwind@00475908,0046c8f0,CDSJpegImage,FUN_0046c8f0,before
00475930,Unwind@00475930,0046c8f0,CDSJpegImage,FUN_0046c8f0,before
00475938,Unwind@00475938,0046c8f0,CDSJpegImage,FUN_0046c8f0,before
00475943,Unwind@00475943,0046c8f0,CDSJpegImage,FUN_0046c8f0,before
0047594e,Unwind@0047594e,0046c8f0,CDSJpegImage,FUN_0046c8f0,before
00475959,Unwind@00475959,0046c8f0,CDSJpegImage,FUN_0046c8f0,before
00475964,Unwind@00475964,0046c8f0,CDSJpegImage,FUN_0046c8f0,before
0047596f,Unwind@0047596f,0046c8f0,CDSJpegImage,FUN_0046c8f0,before
0047597a,Unwind@0047597a,0046c8f0,CDSJpegImage,FUN_0046c8f0,before
00475985,Unwind@00475985,0046c8f0,CDSJpegImage,FUN_0046c8f0,before
00475990,Unwind@00475990,0046c8f0,CDSJpegImage,FUN_0046c8f0,before
0047599b,Unwind@0047599b,0046c8f0,CDSJpegImage,FUN_0046c8f0,before
004759a6,Unwind@004759a6,0046c8f0,CDSJpegImage,FUN_0046c8f0,before
004759b1,Unwind@004759b1,0046c8f0,CDSJpegImage,FUN_0046c8f0,before
004759e0,Unwind@004759e0,0046c8f0,CDSJpegImage,FUN_0046c8f0,before
004759e8,Unwind@004759e8,0046c8f0,CDSJpegImage,FUN_0046c8f0,before
004759f3,Unwind@004759f3,0046c8f0,CDSJpegImage,FUN_0046c8f0,before
00475a20,Unwind@00475a20,0046c8f0,CDSJpegImage,FUN_0046c8f0,before
00475a28,Unwind@00475a28,0046c8f0,CDSJpegImage,FUN_0046c8f0,before
00475a50,Unwind@00475a50,0046c8f0,CDSJpegImage,FUN_0046c8f0,before
00475a58,Unwind@00475a58,0046c8f0,CDSJpegImage,FUN_0046c8f0,before
00475a63,Unwind@00475a63,0046c8f0,CDSJpegImage,FUN_0046c8f0,before
00475a6e,Unwind@00475a6e,0046c8f0,CDSJpegImage,FUN_0046c8f0,before
00475a79,Unwind@00475a79,0046c8f0,CDSJpegImage,FUN_0046c8f0,before
00475aa0,Unwind@00475aa0,0046c8f0,CDSJpegImage,FUN_0046c8f0,before
00475ad0,Unwind@00475ad0,0046c8f0,CDSJpegImage,FUN_0046c8f0,before
00475ad8,Unwind@00475ad8,0046c8f0,CDSJpegImage,FUN_0046c8f0,before
00475ae3,Unwind@00475ae3,0046c8f0,CDSJpegImage,FUN_0046c8f0,before
00475b10,Unwind@00475b10,0046c8f0,CDSJpegImage,FUN_0046c8f0,before
00475b40,Unwind@00475b40,0046c8f0,CDSJpegImage,FUN_0046c8f0,before
00475b70,Unwind@00475b70,0046c8f0,CDSJpegImage,FUN_0046c8f0,before
00475ba0,Unwind@00475ba0,0046c8f0,CDSJpegImage,FUN_0046c8f0,before
00475bd0,Unwind@00475bd0,0046c8f0,CDSJpegImage,FUN_0046c8f0,before
00475c00,Unwind@00475c00,0046c8f0,CDSJpegImage,FUN_0046c8f0,before
00475c30,Unwind@00475c30,0046c8f0,CDSJpegImage,FUN_0046c8f0,before
00475c60,Unwind@00475c60,0046c8f0,CDSJpegImage,FUN_0046c8f0,before
00475c90,Unwind@00475c90,0046c8f0,CDSJpegImage,FUN_0046c8f0,before
00475cc0,Unwind@00475cc0,0046c8f0,CDSJpegImage,FUN_0046c8f0,before
00475cf0,Unwind@00475cf0,0046c8f0,CDSJpegImage,FUN_0046c8f0,before
00475d20,Unwind@00475d20,0046c8f0,CDSJpegImage,FUN_0046c8f0,before
00475d50,Unwind@00475d50,0046c8f0,CDSJpegImage,FUN_0046c8f0,before
00475d80,Unwind@00475d80,0046c8f0,CDSJpegImage,FUN_0046c8f0,before
00475db0,Unwind@00475db0,0046c8f0,CDSJpegImage,FUN_0046c8f0,before
00475de0,Unwind@00475de0,0046c8f0,CDSJpegImage,FUN_0046c8f0,before
00475e10,Unwind@00475e10,0046c8f0,CDSJpegImage,FUN_0046c8f0,before
00475e40,Unwind@00475e40,0046c8f0,CDSJpegImage,FUN_0046c8f0,before
00475e70,Unwind@00475e70,0046c8f0,CDSJpegImage,FUN_0046c8f0,before
00475ea0,Unwind@00475ea0,0046c8f0,CDSJpegImage,FUN_0046c8f0,before
00475ea8,Unwind@00475ea8,0046c8f0,CDSJpegImage,FUN_0046c8f0,before
00475ed0,Unwind@00475ed0,0046c8f0,CDSJpegImage,FUN_0046c8f0,before
00475f00,Unwind@00475f00,0046c8f0,CDSJpegImage,FUN_0046c8f0,before
00475f08,Unwind@00475f08,0046c8f0,CDSJpegImage,FUN_0046c8f0,before
00475f30,Unwind@00475f30,0046c8f0,CDSJpegImage,FUN_0046c8f0,before
00475f60,Unwind@00475f60,0046c8f0,CDSJpegImage,FUN_0046c8f0,before
00475f68,Unwind@00475f68,0046c8f0,CDSJpegImage,FUN_0046c8f0,before
00475f90,Unwind@00475f90,0046c8f0,CDSJpegImage,FUN_0046c8f0,before
00475f98,Unwind@00475f98,0046c8f0,CDSJpegImage,FUN_0046c8f0,before
00475fa3,Unwind@00475fa3,0046c8f0,CDSJpegImage,FUN_0046c8f0,before
00475fab,Unwind@00475fab,0046c8f0,CDSJpegImage,FUN_0046c8f0,before
00475fb3,Unwind@00475fb3,0046c8f0,CDSJpegImage,FUN_0046c8f0,before
00475fbe,Unwind@00475fbe,0046c8f0,CDSJpegImage,FUN_0046c8f0,before
00475ff0,Unwind@00475ff0,0046c8f0,CDSJpegImage,FUN_0046c8f0,before
00475ff8,Unwind@00475ff8,0046c8f0,CDSJpegImage,FUN_0046c8f0,before
00476030,Unwind@00476030,0046c8f0,CDSJpegImage,FUN_0046c8f0,before
00476060,Unwind@00476060,0046c8f0,CDSJpegImage,FUN_0046c8f0,before
00476068,Unwind@00476068,0046c8f0,CDSJpegImage,FUN_0046c8f0,before
004760a0,Unwind@004760a0,0046c8f0,CDSJpegImage,FUN_0046c8f0,before
004760a8,Unwind@004760a8,0046c8f0,CDSJpegImage,FUN_0046c8f0,before
004760d0,Unwind@004760d0,0046c8f0,CDSJpegImage,FUN_0046c8f0,before
00476100,Unwind@00476100,0046c8f0,CDSJpegImage,FUN_0046c8f0,before
00476108,Unwind@00476108,0046c8f0,CDSJpegImage,FUN_0046c8f0,before
00476130,Unwind@00476130,0046c8f0,CDSJpegImage,FUN_0046c8f0,before
00476138,Unwind@00476138,0046c8f0,CDSJpegImage,FUN_0046c8f0,before
00476160,Unwind@00476160,0046c8f0,CDSJpegImage,FUN_0046c8f0,before
00476168,Unwind@00476168,0046c8f0,CDSJpegImage,FUN_0046c8f0,before
00476190,Unwind@00476190,0046c8f0,CDSJpegImage,FUN_0046c8f0,before
0047619b,Unwind@0047619b,0046c8f0,CDSJpegImage,FUN_0046c8f0,before
004761a6,Unwind@004761a6,0046c8f0,CDSJpegImage,FUN_0046c8f0,before
004761b1,Unwind@004761b1,0046c8f0,CDSJpegImage,FUN_0046c8f0,before
004761e0,Unwind@004761e0,0046c8f0,CDSJpegImage,FUN_0046c8f0,before
004761eb,Unwind@004761eb,0046c8f0,CDSJpegImage,FUN_0046c8f0,before
004761f9,Unwind@004761f9,0046c8f0,CDSJpegImage,FUN_0046c8f0,before
00476207,Unwind@00476207,0046c8f0,CDSJpegImage,FUN_0046c8f0,before
00476212,Unwind@00476212,0046c8f0,CDSJpegImage,FUN_0046c8f0,before
00476220,Unwind@00476220,0046c8f0,CDSJpegImage,FUN_0046c8f0,before
0047622e,Unwind@0047622e,0046c8f0,CDSJpegImage,FUN_0046c8f0,before
00476239,Unwind@00476239,0046c8f0,CDSJpegImage,FUN_0046c8f0,before
00476247,Unwind@00476247,0046c8f0,CDSJpegImage,FUN_0046c8f0,before
00476255,Unwind@00476255,0046c8f0,CDSJpegImage,FUN_0046c8f0,before
00476263,Unwind@00476263,0046c8f0,CDSJpegImage,FUN_0046c8f0,before
00476271,Unwind@00476271,0046c8f0,CDSJpegImage,FUN_0046c8f0,before
0047627f,Unwind@0047627f,0046c8f0,CDSJpegImage,FUN_0046c8f0,before
0047628d,Unwind@0047628d,0046c8f0,CDSJpegImage,FUN_0046c8f0,before
0047629b,Unwind@0047629b,0046c8f0,CDSJpegImage,FUN_0046c8f0,before
004762a9,Unwind@004762a9,0046c8f0,CDSJpegImage,FUN_0046c8f0,before
004762b7,Unwind@004762b7,0046c8f0,CDSJpegImage,FUN_0046c8f0,before
004762f0,Unwind@004762f0,0046c8f0,CDSJpegImage,FUN_0046c8f0,before
004762f8,Unwind@004762f8,0046c8f0,CDSJpegImage,FUN_0046c8f0,before
0047630e,Unwind@0047630e,0046c8f0,CDSJpegImage,FUN_0046c8f0,before
00476316,Unwind@00476316,0046c8f0,CDSJpegImage,FUN_0046c8f0,before
00476321,Unwind@00476321,0046c8f0,CDSJpegImage,FUN_0046c8f0,before
00476350,Unwind@00476350,0046c8f0,CDSJpegImage,FUN_0046c8f0,before
0047635b,Unwind@0047635b,0046c8f0,CDSJpegImage,FUN_0046c8f0,before
00476369,Unwind@00476369,0046c8f0,CDSJpegImage,FUN_0046c8f0,before
00476374,Unwind@00476374,0046c8f0,CDSJpegImage,FUN_0046c8f0,before
00476382,Unwind@00476382,0046c8f0,CDSJpegImage,FUN_0046c8f0,before
00476390,Unwind@00476390,0046c8f0,CDSJpegImage,FUN_0046c8f0,before
0047639e,Unwind@0047639e,0046c8f0,CDSJpegImage,FUN_0046c8f0,before
004763a9,Unwind@004763a9,0046c8f0,CDSJpegImage,FUN_0046c8f0,before
004763b7,Unwind@004763b7,0046c8f0,CDSJpegImage,FUN_0046c8f0,before
004763c2,Unwind@004763c2,0046c8f0,CDSJpegImage,FUN_0046c8f0,before
004763d0,Unwind@004763d0,0046c8f0,CDSJpegImage,FUN_0046c8f0,before
004763de,Unwind@004763de,0046c8f0,CDSJpegImage,FUN_0046c8f0,before
004763e9,Unwind@004763e9,0046c8f0,CDSJpegImage,FUN_0046c8f0,before
004763f7,Unwind@004763f7,0046c8f0,CDSJpegImage,FUN_0046c8f0,before
00476405,Unwind@00476405,0046c8f0,CDSJpegImage,FUN_0046c8f0,before
00476410,Unwind@00476410,0046c8f0,CDSJpegImage,FUN_0046c8f0,before
0047641e,Unwind@0047641e,0046c8f0,CDSJpegImage,FUN_0046c8f0,before
0047642c,Unwind@0047642c,0046c8f0,CDSJpegImage,FUN_0046c8f0,before
00476437,Unwind@00476437,0046c8f0,CDSJpegImage,FUN_0046c8f0,before
00476470,Unwind@00476470,0046c8f0,CDSJpegImage,FUN_0046c8f0,before
00476478,Unwind@00476478,0046c8f0,CDSJpegImage,FUN_0046c8f0,before
00476480,Unwind@00476480,0046c8f0,CDSJpegImage,FUN_0046c8f0,before
0047648b,Unwind@0047648b,0046c8f0,CDSJpegImage,FUN_0046c8f0,before
00476496,Unwind@00476496,0046c8f0,CDSJpegImage,FUN_0046c8f0,before
004764a1,Unwind@004764a1,0046c8f0,CDSJpegImage,FUN_0046c8f0,before
004764d0,Unwind@004764d0,0046c8f0,CDSJpegImage,FUN_0046c8f0,before
004764d8,Unwind@004764d8,0046c8f0,CDSJpegImage,FUN_0046c8f0,before
004764e3,Unwind@004764e3,0046c8f0,CDSJpegImage,FUN_0046c8f0,before
004764ee,Unwind@004764ee,0046c8f0,CDSJpegImage,FUN_0046c8f0,before
004764f9,Unwind@004764f9,0046c8f0,CDSJpegImage,FUN_0046c8f0,before
00476504,Unwind@00476504,0046c8f0,CDSJpegImage,FUN_0046c8f0,before
00476530,Unwind@00476530,0046c8f0,CDSJpegImage,FUN_0046c8f0,before
00476560,Unwind@00476560,0046c8f0,CDSJpegImage,FUN_0046c8f0,before
00476590,Unwind@00476590,0046c8f0,CDSJpegImage,FUN_0046c8f0,before
004765c0,Unwind@004765c0,0046c8f0,CDSJpegImage,FUN_0046c8f0,before
004765f0,Unwind@004765f0,0046c8f0,CDSJpegImage,FUN_0046c8f0,before
00476620,Unwind@00476620,0046c8f0,CDSJpegImage,FUN_0046c8f0,before
00476650,Unwind@00476650,0046c8f0,CDSJpegImage,FUN_0046c8f0,before
00476680,Unwind@00476680,0046c8f0,CDSJpegImage,FUN_0046c8f0,before
004766b0,Unwind@004766b0,0046c8f0,CDSJpegImage,FUN_0046c8f0,before
004766bb,Unwind@004766bb,0046c8f0,CDSJpegImage,FUN_0046c8f0,before
004766c6,Unwind@004766c6,0046c8f0,CDSJpegImage,FUN_0046c8f0,before
004766d1,Unwind@004766d1,0046c8f0,CDSJpegImage,FUN_0046c8f0,before
00476700,Unwind@00476700,0046c8f0,CDSJpegImage,FUN_0046c8f0,before
00476730,Unwind@00476730,0046c8f0,CDSJpegImage,FUN_0046c8f0,before
00476760,Unwind@00476760,0046c8f0,CDSJpegImage,FUN_0046c8f0,before
00476790,Unwind@00476790,0046c8f0,CDSJpegImage,FUN_0046c8f0,before
004767c0,Unwind@004767c0,0046c8f0,CDSJpegImage,FUN_0046c8f0,before
004767f0,Unwind@004767f0,0046c8f0,CDSJpegImage,FUN_0046c8f0,before
004767f8,Unwind@004767f8,0046c8f0,CDSJpegImage,FUN_0046c8f0,before
00476803,Unwind@00476803,0046c8f0,CDSJpegImage,FUN_0046c8f0,before
0047680e,Unwind@0047680e,0046c8f0,CDSJpegImage,FUN_0046c8f0,before
00476819,Unwind@00476819,0046c8f0,CDSJpegImage,FUN_0046c8f0,before
00476827,Unwind@00476827,0046c8f0,CDSJpegImage,FUN_0046c8f0,before
00476835,Unwind@00476835,0046c8f0,CDSJpegImage,FUN_0046c8f0,before
0047684d,Unwind@0047684d,0046c8f0,CDSJpegImage,FUN_0046c8f0,before
0047685b,Unwind@0047685b,0046c8f0,CDSJpegImage,FUN_0046c8f0,before
00476869,Unwind@00476869,0046c8f0,CDSJpegImage,FUN_0046c8f0,before
00476877,Unwind@00476877,0046c8f0,CDSJpegImage,FUN_0046c8f0,before
004768a0,Unwind@004768a0,0046c8f0,CDSJpegImage,FUN_0046c8f0,before
004768a8,Unwind@004768a8,0046c8f0,CDSJpegImage,FUN_0046c8f0,before
004768cf,Unwind@004768cf,0046c8f0,CDSJpegImage,FUN_0046c8f0,before
004768f6,Unwind@004768f6,0046c8f0,CDSJpegImage,FUN_0046c8f0,before
00476901,Unwind@00476901,0046c8f0,CDSJpegImage,FUN_0046c8f0,before
0047690f,Unwind@0047690f,0046c8f0,CDSJpegImage,FUN_0046c8f0,before
0047691d,Unwind@0047691d,0046c8f0,CDSJpegImage,FUN_0046c8f0,before
00476935,Unwind@00476935,0046c8f0,CDSJpegImage,FUN_0046c8f0,before
00476943,Unwind@00476943,0046c8f0,CDSJpegImage,FUN_0046c8f0,before
00476951,Unwind@00476951,0046c8f0,CDSJpegImage,FUN_0046c8f0,before
0047695f,Unwind@0047695f,0046c8f0,CDSJpegImage,FUN_0046c8f0,before
00476990,Unwind@00476990,0046c8f0,CDSJpegImage,FUN_0046c8f0,before
0047699b,Unwind@0047699b,0046c8f0,CDSJpegImage,FUN_0046c8f0,before
004769a6,Unwind@004769a6,0046c8f0,CDSJpegImage,FUN_0046c8f0,before
004769ae,Unwind@004769ae,0046c8f0,CDSJpegImage,FUN_0046c8f0,before
004769f0,Unwind@004769f0,0046c8f0,CDSJpegImage,FUN_0046c8f0,before
00476a09,Unwind@00476a09,0046c8f0,CDSJpegImage,FUN_0046c8f0,before
00476a14,Unwind@00476a14,0046c8f0,CDSJpegImage,FUN_0046c8f0,before
00476a1f,Unwind@00476a1f,0046c8f0,CDSJpegImage,FUN_0046c8f0,before
00476a38,Unwind@00476a38,0046c8f0,CDSJpegImage,FUN_0046c8f0,before
00476a43,Unwind@00476a43,0046c8f0,CDSJpegImage,FUN_0046c8f0,before
00476a4e,Unwind@00476a4e,0046c8f0,CDSJpegImage,FUN_0046c8f0,before
00476a90,Unwind@00476a90,0046c8f0,CDSJpegImage,FUN_0046c8f0,before
00476af0,Unwind@00476af0,0046c8f0,CDSJpegImage,FUN_0046c8f0,before
00476b20,Unwind@00476b20,0046c8f0,CDSJpegImage,FUN_0046c8f0,before
00476b50,Unwind@00476b50,0046c8f0,CDSJpegImage,FUN_0046c8f0,before
00476b80,Unwind@00476b80,0046c8f0,CDSJpegImage,FUN_0046c8f0,before
00476bb0,Unwind@00476bb0,0046c8f0,CDSJpegImage,FUN_0046c8f0,before
00476be0,Unwind@00476be0,0046c8f0,CDSJpegImage,FUN_0046c8f0,before
00476be8,Unwind@00476be8,0046c8f0,CDSJpegImage,FUN_0046c8f0,before
00476bf6,Unwind@00476bf6,0046c8f0,CDSJpegImage,FUN_0046c8f0,before
00476c20,Unwind@00476c20,0046c8f0,CDSJpegImage,FUN_0046c8f0,before
00476c28,Unwind@00476c28,0046c8f0,CDSJpegImage,FUN_0046c8f0,before
00476c70,Unwind@00476c70,0046c8f0,CDSJpegImage,FUN_0046c8f0,before
00476cc0,Unwind@00476cc0,0046c8f0,CDSJpegImage,FUN_0046c8f0,before
00476cf0,Unwind@00476cf0,0046c8f0,CDSJpegImage,FUN_0046c8f0,before
00476d20,Unwind@00476d20,0046c8f0,CDSJpegImage,FUN_0046c8f0,before
00476d50,Unwind@00476d50,0046c8f0,CDSJpegImage,FUN_0046c8f0,before
00476d58,Unwind@00476d58,0046c8f0,CDSJpegImage,FUN_0046c8f0,before
00476d90,Unwind@00476d90,0046c8f0,CDSJpegImage,FUN_0046c8f0,before
00476dc0,Unwind@00476dc0,0046c8f0,CDSJpegImage,FUN_0046c8f0,before
00476df0,Unwind@00476df0,0046c8f0,CDSJpegImage,FUN_0046c8f0,before
00476df8,Unwind@00476df8,0046c8f0,CDSJpegImage,FUN_0046c8f0,before
00476e30,Unwind@00476e30,0046c8f0,CDSJpegImage,FUN_0046c8f0,before
00476e38,Unwind@00476e38,0046c8f0,CDSJpegImage,FUN_0046c8f0,before
00476e70,Unwind@00476e70,0046c8f0,CDSJpegImage,FUN_0046c8f0,before
00476e78,Unwind@00476e78,0046c8f0,CDSJpegImage,FUN_0046c8f0,before
00476eb0,Unwind@00476eb0,0046c8f0,CDSJpegImage,FUN_0046c8f0,before
00476eb8,Unwind@00476eb8,0046c8f0,CDSJpegImage,FUN_0046c8f0,before
00476ef0,Unwind@00476ef0,0046c8f0,CDSJpegImage,FUN_0046c8f0,before
00476f20,Unwind@00476f20,0046c8f0,CDSJpegImage,FUN_0046c8f0,before
00476f28,Unwind@00476f28,0046c8f0,CDSJpegImage,FUN_0046c8f0,before
00476f70,Unwind@00476f70,0046c8f0,CDSJpegImage,FUN_0046c8f0,before
00476fa0,Unwind@00476fa0,0046c8f0,CDSJpegImage,FUN_0046c8f0,before
00476fd0,Unwind@00476fd0,0046c8f0,CDSJpegImage,FUN_0046c8f0,before
00477000,Unwind@00477000,0046c8f0,CDSJpegImage,FUN_0046c8f0,before
00477030,Unwind@00477030,0046c8f0,CDSJpegImage,FUN_0046c8f0,before
00477060,Unwind@00477060,0046c8f0,CDSJpegImage,FUN_0046c8f0,before
00477090,Unwind@00477090,0046c8f0,CDSJpegImage,FUN_0046c8f0,before
00477098,Unwind@00477098,0046c8f0,CDSJpegImage,FUN_0046c8f0,before
004770a3,Unwind@004770a3,0046c8f0,CDSJpegImage,FUN_0046c8f0,before
004770d0,Unwind@004770d0,0046c8f0,CDSJpegImage,FUN_0046c8f0,before
004770d8,Unwind@004770d8,0046c8f0,CDSJpegImage,FUN_0046c8f0,before
00477101,Unwind@00477101,0046c8f0,CDSJpegImage,FUN_0046c8f0,before
0047710f,Unwind@0047710f,0046c8f0,CDSJpegImage,FUN_0046c8f0,before
00477140,Unwind@00477140,0046c8f0,CDSJpegImage,FUN_0046c8f0,before
00477148,Unwind@00477148,0046c8f0,CDSJpegImage,FUN_0046c8f0,before
00477150,Unwind@00477150,0046c8f0,CDSJpegImage,FUN_0046c8f0,before
00477180,Unwind@00477180,0046c8f0,CDSJpegImage,FUN_0046c8f0,before
00477188,Unwind@00477188,0046c8f0,CDSJpegImage,FUN_0046c8f0,before
004771af,Unwind@004771af,0046c8f0,CDSJpegImage,FUN_0046c8f0,before
004771bd,Unwind@004771bd,0046c8f0,CDSJpegImage,FUN_0046c8f0,before
004771d5,Unwind@004771d5,0046c8f0,CDSJpegImage,FUN_0046c8f0,before
004771e3,Unwind@004771e3,0046c8f0,CDSJpegImage,FUN_0046c8f0,before
004771f1,Unwind@004771f1,0046c8f0,CDSJpegImage,FUN_0046c8f0,before
004771ff,Unwind@004771ff,0046c8f0,CDSJpegImage,FUN_0046c8f0,before
0047720d,Unwind@0047720d,0046c8f0,CDSJpegImage,FUN_0046c8f0,before
0047721b,Unwind@0047721b,0046c8f0,CDSJpegImage,FUN_0046c8f0,before
00477229,Unwind@00477229,0046c8f0,CDSJpegImage,FUN_0046c8f0,before
00477237,Unwind@00477237,0046c8f0,CDSJpegImage,FUN_0046c8f0,before
00477245,Unwind@00477245,0046c8f0,CDSJpegImage,FUN_0046c8f0,before
00477253,Unwind@00477253,0046c8f0,CDSJpegImage,FUN_0046c8f0,before
00477280,Unwind@00477280,0046c8f0,CDSJpegImage,FUN_0046c8f0,before
004772b0,Unwind@004772b0,0046c8f0,CDSJpegImage,FUN_0046c8f0,before
004772e0,Unwind@004772e0,0046c8f0,CDSJpegImage,FUN_0046c8f0,before
00477310,Unwind@00477310,0046c8f0,CDSJpegImage,FUN_0046c8f0,before
00477340,Unwind@00477340,0046c8f0,CDSJpegImage,FUN_0046c8f0,before
00477370,Unwind@00477370,0046c8f0,CDSJpegImage,FUN_0046c8f0,before
004773a0,Unwind@004773a0,0046c8f0,CDSJpegImage,FUN_0046c8f0,before
004773a8,Unwind@004773a8,0046c8f0,CDSJpegImage,FUN_0046c8f0,before
004773f0,Unwind@004773f0,0046c8f0,CDSJpegImage,FUN_0046c8f0,before
00477430,Unwind@00477430,0046c8f0,CDSJpegImage,FUN_0046c8f0,before
00477438,Unwind@00477438,0046c8f0,CDSJpegImage,FUN_0046c8f0,before
00477443,Unwind@00477443,0046c8f0,CDSJpegImage,FUN_0046c8f0,before
0047744e,Unwind@0047744e,0046c8f0,CDSJpegImage,FUN_0046c8f0,before
00477459,Unwind@00477459,0046c8f0,CDSJpegImage,FUN_0046c8f0,before
00477480,Unwind@00477480,0046c8f0,CDSJpegImage,FUN_0046c8f0,before
004774b0,Unwind@004774b0,0046c8f0,CDSJpegImage,FUN_0046c8f0,before
004774e0,Unwind@004774e0,0046c8f0,CDSJpegImage,FUN_0046c8f0,before
004774e8,Unwind@004774e8,0046c8f0,CDSJpegImage,FUN_0046c8f0,before
00477510,Unwind@00477510,0046c8f0,CDSJpegImage,FUN_0046c8f0,before
00477518,Unwind@00477518,0046c8f0,CDSJpegImage,FUN_0046c8f0,before
00477526,Unwind@00477526,0046c8f0,CDSJpegImage,FUN_0046c8f0,before
00477550,Unwind@00477550,0046c8f0,CDSJpegImage,FUN_0046c8f0,before
00477558,Unwind@00477558,0046c8f0,CDSJpegImage,FUN_0046c8f0,before
00477566,Unwind@00477566,0046c8f0,CDSJpegImage,FUN_0046c8f0,before
00477590,Unwind@00477590,0046c8f0,CDSJpegImage,FUN_0046c8f0,before
00477598,Unwind@00477598,0046c8f0,CDSJpegImage,FUN_0046c8f0,before
004775c0,Unwind@004775c0,0046c8f0,CDSJpegImage,FUN_0046c8f0,before
004775c8,Unwind@004775c8,0046c8f0,CDSJpegImage,FUN_0046c8f0,before
004775f0,Unwind@004775f0,0046c8f0,CDSJpegImage,FUN_0046c8f0,before
004775fb,Unwind@004775fb,0046c8f0,CDSJpegImage,FUN_0046c8f0,before
00477630,Unwind@00477630,0046c8f0,CDSJpegImage,FUN_0046c8f0,before
00477638,Unwind@00477638,0046c8f0,CDSJpegImage,FUN_0046c8f0,before
00477640,Unwind@00477640,0046c8f0,CDSJpegImage,FUN_0046c8f0,before
0047764b,Unwind@0047764b,0046c8f0,CDSJpegImage,FUN_0046c8f0,before
00477653,Unwind@00477653,0046c8f0,CDSJpegImage,FUN_0046c8f0,before
00477690,Unwind@00477690,0046c8f0,CDSJpegImage,FUN_0046c8f0,before
0047769b,Unwind@0047769b,0046c8f0,CDSJpegImage,FUN_0046c8f0,before
004776c0,Unwind@004776c0,0046c8f0,CDSJpegImage,FUN_0046c8f0,before
004776c8,Unwind@004776c8,0046c8f0,CDSJpegImage,FUN_0046c8f0,before
004776f0,Unwind@004776f0,0046c8f0,CDSJpegImage,FUN_0046c8f0,before
00477720,Unwind@00477720,0046c8f0,CDSJpegImage,FUN_0046c8f0,before
00477750,Unwind@00477750,0046c8f0,CDSJpegImage,FUN_0046c8f0,before
00477780,Unwind@00477780,0046c8f0,CDSJpegImage,FUN_0046c8f0,before
00477788,Unwind@00477788,0046c8f0,CDSJpegImage,FUN_0046c8f0,before
00477793,Unwind@00477793,0046c8f0,CDSJpegImage,FUN_0046c8f0,before
0047779e,Unwind@0047779e,0046c8f0,CDSJpegImage,FUN_0046c8f0,before
004777a9,Unwind@004777a9,0046c8f0,CDSJpegImage,FUN_0046c8f0,before
004777b4,Unwind@004777b4,0046c8f0,CDSJpegImage,FUN_0046c8f0,before
004777e0,Unwind@004777e0,0046c8f0,CDSJpegImage,FUN_0046c8f0,before
00477810,Unwind@00477810,0046c8f0,CDSJpegImage,FUN_0046c8f0,before
00477840,Unwind@00477840,0046c8f0,CDSJpegImage,FUN_0046c8f0,before
00477848,Unwind@00477848,0046c8f0,CDSJpegImage,FUN_0046c8f0,before
00477856,Unwind@00477856,0046c8f0,CDSJpegImage,FUN_0046c8f0,before
00477864,Unwind@00477864,0046c8f0,CDSJpegImage,FUN_0046c8f0,before
00477872,Unwind@00477872,0046c8f0,CDSJpegImage,FUN_0046c8f0,before
0047787a,Unwind@0047787a,0046c8f0,CDSJpegImage,FUN_0046c8f0,before
004778a0,Unwind@004778a0,0046c8f0,CDSJpegImage,FUN_0046c8f0,before
004778d0,Unwind@004778d0,0046c8f0,CDSJpegImage,FUN_0046c8f0,before
004778d8,Unwind@004778d8,0046c8f0,CDSJpegImage,FUN_0046c8f0,before
00477910,Unwind@00477910,0046c8f0,CDSJpegImage,FUN_0046c8f0,before
00477940,Unwind@00477940,0046c8f0,CDSJpegImage,FUN_0046c8f0,before
00477970,Unwind@00477970,0046c8f0,CDSJpegImage,FUN_0046c8f0,before
004779a0,Unwind@004779a0,0046c8f0,CDSJpegImage,FUN_0046c8f0,before
004779ab,Unwind@004779ab,0046c8f0,CDSJpegImage,FUN_0046c8f0,before
004779e0,Unwind@004779e0,0046c8f0,CDSJpegImage,FUN_0046c8f0,before
00477a10,Unwind@00477a10,0046c8f0,CDSJpegImage,FUN_0046c8f0,before
00477a40,Unwind@00477a40,0046c8f0,CDSJpegImage,FUN_0046c8f0,before
00477a48,Unwind@00477a48,0046c8f0,CDSJpegImage,FUN_0046c8f0,before
00477a53,Unwind@00477a53,0046c8f0,CDSJpegImage,FUN_0046c8f0,before
00477a61,Unwind@00477a61,0046c8f0,CDSJpegImage,FUN_0046c8f0,before
00477a79,Unwind@00477a79,0046c8f0,CDSJpegImage,FUN_0046c8f0,before
00477a87,Unwind@00477a87,0046c8f0,CDSJpegImage,FUN_0046c8f0,before
00477a95,Unwind@00477a95,0046c8f0,CDSJpegImage,FUN_0046c8f0,before
00477aa3,Unwind@00477aa3,0046c8f0,CDSJpegImage,FUN_0046c8f0,before
00477ab1,Unwind@00477ab1,0046c8f0,CDSJpegImage,FUN_0046c8f0,before
00477abf,Unwind@00477abf,0046c8f0,CDSJpegImage,FUN_0046c8f0,before
00477acd,Unwind@00477acd,0046c8f0,CDSJpegImage,FUN_0046c8f0,before
00477adb,Unwind@00477adb,0046c8f0,CDSJpegImage,FUN_0046c8f0,before
00477ae9,Unwind@00477ae9,0046c8f0,CDSJpegImage,FUN_0046c8f0,before
00477af7,Unwind@00477af7,0046c8f0,CDSJpegImage,FUN_0046c8f0,before
00477b05,Unwind@00477b05,0046c8f0,CDSJpegImage,FUN_0046c8f0,before
00477b10,Unwind@00477b10,0046c8f0,CDSJpegImage,FUN_0046c8f0,before
00477b1b,Unwind@00477b1b,0046c8f0,CDSJpegImage,FUN_0046c8f0,before
00477b50,Unwind@00477b50,0046c8f0,CDSJpegImage,FUN_0046c8f0,before
00477b5b,Unwind@00477b5b,0046c8f0,CDSJpegImage,FUN_0046c8f0,before
00477b66,Unwind@00477b66,0046c8f0,CDSJpegImage,FUN_0046c8f0,before
00477b90,Unwind@00477b90,0046c8f0,CDSJpegImage,FUN_0046c8f0,before
00477b98,Unwind@00477b98,0046c8f0,CDSJpegImage,FUN_0046c8f0,before
00477bd0,Unwind@00477bd0,0046c8f0,CDSJpegImage,FUN_0046c8f0,before
00477c00,Unwind@00477c00,0046c8f0,CDSJpegImage,FUN_0046c8f0,before
00477c30,Unwind@00477c30,0046c8f0,CDSJpegImage,FUN_0046c8f0,before
00477c60,Unwind@00477c60,0046c8f0,CDSJpegImage,FUN_0046c8f0,before
00477c90,Unwind@00477c90,0046c8f0,CDSJpegImage,FUN_0046c8f0,before
00477cc0,Unwind@00477cc0,0046c8f0,CDSJpegImage,FUN_0046c8f0,before
00477cf0,Unwind@00477cf0,0046c8f0,CDSJpegImage,FUN_0046c8f0,before
00477d20,Unwind@00477d20,0046c8f0,CDSJpegImage,FUN_0046c8f0,before
00477d28,Unwind@00477d28,0046c8f0,CDSJpegImage,FUN_0046c8f0,before
00477d33,Unwind@00477d33,0046c8f0,CDSJpegImage,FUN_0046c8f0,before
00477d41,Unwind@00477d41,0046c8f0,CDSJpegImage,FUN_0046c8f0,before
00477d4c,Unwind@00477d4c,0046c8f0,CDSJpegImage,FUN_0046c8f0,before
00477d57,Unwind@00477d57,0046c8f0,CDSJpegImage,FUN_0046c8f0,before
00477d62,Unwind@00477d62,0046c8f0,CDSJpegImage,FUN_0046c8f0,before
00477d90,Unwind@00477d90,0046c8f0,CDSJpegImage,FUN_0046c8f0,before
00477d98,Unwind@00477d98,0046c8f0,CDSJpegImage,FUN_0046c8f0,before
00477da3,Unwind@00477da3,0046c8f0,CDSJpegImage,FUN_0046c8f0,before
00477dd0,Unwind@00477dd0,0046c8f0,CDSJpegImage,FUN_0046c8f0,before
00477dd8,Unwind@00477dd8,0046c8f0,CDSJpegImage,FUN_0046c8f0,before
00477e00,Unwind@00477e00,0046c8f0,CDSJpegImage,FUN_0046c8f0,before
00477e30,Unwind@00477e30,0046c8f0,CDSJpegImage,FUN_0046c8f0,before
00477e60,Unwind@00477e60,0046c8f0,CDSJpegImage,FUN_0046c8f0,before
00477e90,Unwind@00477e90,0046c8f0,CDSJpegImage,FUN_0046c8f0,before
00477e98,Unwind@00477e98,0046c8f0,CDSJpegImage,FUN_0046c8f0,before
00477ed0,Unwind@00477ed0,0046c8f0,CDSJpegImage,FUN_0046c8f0,before
00477f00,Unwind@00477f00,0046c8f0,CDSJpegImage,FUN_0046c8f0,before
00477f08,Unwind@00477f08,0046c8f0,CDSJpegImage,FUN_0046c8f0,before
00477f30,Unwind@00477f30,0046c8f0,CDSJpegImage,FUN_0046c8f0,before
00477f60,Unwind@00477f60,0046c8f0,CDSJpegImage,FUN_0046c8f0,before
00477f90,Unwind@00477f90,0046c8f0,CDSJpegImage,FUN_0046c8f0,before
00477fc0,Unwind@00477fc0,0046c8f0,CDSJpegImage,FUN_0046c8f0,before
00477fc8,Unwind@00477fc8,0046c8f0,CDSJpegImage,FUN_0046c8f0,before
00477ff0,Unwind@00477ff0,0046c8f0,CDSJpegImage,FUN_0046c8f0,before
00478020,Unwind@00478020,0046c8f0,CDSJpegImage,FUN_0046c8f0,before
00478050,Unwind@00478050,0046c8f0,CDSJpegImage,FUN_0046c8f0,before
00478080,Unwind@00478080,0046c8f0,CDSJpegImage,FUN_0046c8f0,before
004780b0,Unwind@004780b0,0046c8f0,CDSJpegImage,FUN_0046c8f0,before
004780b8,Unwind@004780b8,0046c8f0,CDSJpegImage,FUN_0046c8f0,before
004780c3,Unwind@004780c3,0046c8f0,CDSJpegImage,FUN_0046c8f0,before
004780d1,Unwind@004780d1,0046c8f0,CDSJpegImage,FUN_0046c8f0,before
004780dc,Unwind@004780dc,0046c8f0,CDSJpegImage,FUN_0046c8f0,before
004780e7,Unwind@004780e7,0046c8f0,CDSJpegImage,FUN_0046c8f0,before
004780f2,Unwind@004780f2,0046c8f0,CDSJpegImage,FUN_0046c8f0,before
00478120,Unwind@00478120,0046c8f0,CDSJpegImage,FUN_0046c8f0,before
00478128,Unwind@00478128,0046c8f0,CDSJpegImage,FUN_0046c8f0,before
00478133,Unwind@00478133,0046c8f0,CDSJpegImage,FUN_0046c8f0,before
00478160,Unwind@00478160,0046c8f0,CDSJpegImage,FUN_0046c8f0,before
00478168,Unwind@00478168,0046c8f0,CDSJpegImage,FUN_0046c8f0,before
00478190,Unwind@00478190,0046c8f0,CDSJpegImage,FUN_0046c8f0,before
004781c0,Unwind@004781c0,0046c8f0,CDSJpegImage,FUN_0046c8f0,before
004781c8,Unwind@004781c8,0046c8f0,CDSJpegImage,FUN_0046c8f0,before
004781d3,Unwind@004781d3,0046c8f0,CDSJpegImage,FUN_0046c8f0,before
00478200,Unwind@00478200,0046c8f0,CDSJpegImage,FUN_0046c8f0,before
00478230,Unwind@00478230,0046c8f0,CDSJpegImage,FUN_0046c8f0,before
00478238,Unwind@00478238,0046c8f0,CDSJpegImage,FUN_0046c8f0,before
00478260,Unwind@00478260,0046c8f0,CDSJpegImage,FUN_0046c8f0,before
00478268,Unwind@00478268,0046c8f0,CDSJpegImage,FUN_0046c8f0,before
00478290,Unwind@00478290,0046c8f0,CDSJpegImage,FUN_0046c8f0,before
004782c0,Unwind@004782c0,0046c8f0,CDSJpegImage,FUN_0046c8f0,before
004782f0,Unwind@004782f0,0046c8f0,CDSJpegImage,FUN_0046c8f0,before
00478320,Unwind@00478320,0046c8f0,CDSJpegImage,FUN_0046c8f0,before
00478350,Unwind@00478350,0046c8f0,CDSJpegImage,FUN_0046c8f0,before
00478358,Unwind@00478358,0046c8f0,CDSJpegImage,FUN_0046c8f0,before
00478363,Unwind@00478363,0046c8f0,CDSJpegImage,FUN_0046c8f0,before
00478390,Unwind@00478390,0046c8f0,CDSJpegImage,FUN_0046c8f0,before
00478398,Unwind@00478398,0046c8f0,CDSJpegImage,FUN_0046c8f0,before
004783bf,Unwind@004783bf,0046c8f0,CDSJpegImage,FUN_0046c8f0,before
004783cd,Unwind@004783cd,0046c8f0,CDSJpegImage,FUN_0046c8f0,before
00478400,Unwind@00478400,0046c8f0,CDSJpegImage,FUN_0046c8f0,before
00478430,Unwind@00478430,0046c8f0,CDSJpegImage,FUN_0046c8f0,before
00478460,Unwind@00478460,0046c8f0,CDSJpegImage,FUN_0046c8f0,before
0047846b,Unwind@0047846b,0046c8f0,CDSJpegImage,FUN_0046c8f0,before
00478476,Unwind@00478476,0046c8f0,CDSJpegImage,FUN_0046c8f0,before
004784a0,Unwind@004784a0,0046c8f0,CDSJpegImage,FUN_0046c8f0,before
004784ab,Unwind@004784ab,0046c8f0,CDSJpegImage,FUN_0046c8f0,before
004784b6,Unwind@004784b6,0046c8f0,CDSJpegImage,FUN_0046c8f0,before
004784e0,Unwind@004784e0,0046c8f0,CDSJpegImage,FUN_0046c8f0,before
00478510,Unwind@00478510,0046c8f0,CDSJpegImage,FUN_0046c8f0,before
00478518,Unwind@00478518,0046c8f0,CDSJpegImage,FUN_0046c8f0,before
00478560,Unwind@00478560,0046c8f0,CDSJpegImage,FUN_0046c8f0,before
00478568,Unwind@00478568,0046c8f0,CDSJpegImage,FUN_0046c8f0,before
00478573,Unwind@00478573,0046c8f0,CDSJpegImage,FUN_0046c8f0,before
0047857e,Unwind@0047857e,0046c8f0,CDSJpegImage,FUN_0046c8f0,before
0047858c,Unwind@0047858c,0046c8f0,CDSJpegImage,FUN_0046c8f0,before
0047859a,Unwind@0047859a,0046c8f0,CDSJpegImage,FUN_0046c8f0,before
004785a8,Unwind@004785a8,0046c8f0,CDSJpegImage,FUN_0046c8f0,before
004785b6,Unwind@004785b6,0046c8f0,CDSJpegImage,FUN_0046c8f0,before
004785c4,Unwind@004785c4,0046c8f0,CDSJpegImage,FUN_0046c8f0,before
004785f0,Unwind@004785f0,0046c8f0,CDSJpegImage,FUN_0046c8f0,before
004785f8,Unwind@004785f8,0046c8f0,CDSJpegImage,FUN_0046c8f0,before
00478620,Unwind@00478620,0046c8f0,CDSJpegImage,FUN_0046c8f0,before
0047862b,Unwind@0047862b,0046c8f0,CDSJpegImage,FUN_0046c8f0,before
00478636,Unwind@00478636,0046c8f0,CDSJpegImage,FUN_0046c8f0,before
00478660,Unwind@00478660,0046c8f0,CDSJpegImage,FUN_0046c8f0,before
00478668,Unwind@00478668,0046c8f0,CDSJpegImage,FUN_0046c8f0,before
0047868f,Unwind@0047868f,0046c8f0,CDSJpegImage,FUN_0046c8f0,before
0047869d,Unwind@0047869d,0046c8f0,CDSJpegImage,FUN_0046c8f0,before
004786ab,Unwind@004786ab,0046c8f0,CDSJpegImage,FUN_0046c8f0,before
004786b9,Unwind@004786b9,0046c8f0,CDSJpegImage,FUN_0046c8f0,before
004786c7,Unwind@004786c7,0046c8f0,CDSJpegImage,FUN_0046c8f0,before
00478700,Unwind@00478700,0046c8f0,CDSJpegImage,FUN_0046c8f0,before
00478730,Unwind@00478730,0046c8f0,CDSJpegImage,FUN_0046c8f0,before
00478738,Unwind@00478738,0046c8f0,CDSJpegImage,FUN_0046c8f0,before
00478743,Unwind@00478743,0046c8f0,CDSJpegImage,FUN_0046c8f0,before
0047874e,Unwind@0047874e,0046c8f0,CDSJpegImage,FUN_0046c8f0,before
0047875c,Unwind@0047875c,0046c8f0,CDSJpegImage,FUN_0046c8f0,before
0047876a,Unwind@0047876a,0046c8f0,CDSJpegImage,FUN_0046c8f0,before
00478778,Unwind@00478778,0046c8f0,CDSJpegImage,FUN_0046c8f0,before
00478786,Unwind@00478786,0046c8f0,CDSJpegImage,FUN_0046c8f0,before
00478794,Unwind@00478794,0046c8f0,CDSJpegImage,FUN_0046c8f0,before
004787a2,Unwind@004787a2,0046c8f0,CDSJpegImage,FUN_0046c8f0,before
004787d0,Unwind@004787d0,0046c8f0,CDSJpegImage,FUN_0046c8f0,before
004787d8,Unwind@004787d8,0046c8f0,CDSJpegImage,FUN_0046c8f0,before
004787e3,Unwind@004787e3,0046c8f0,CDSJpegImage,FUN_0046c8f0,before
004787f1,Unwind@004787f1,0046c8f0,CDSJpegImage,FUN_0046c8f0,before
004787ff,Unwind@004787ff,0046c8f0,CDSJpegImage,FUN_0046c8f0,before
0047880d,Unwind@0047880d,0046c8f0,CDSJpegImage,FUN_0046c8f0,before
0047881b,Unwind@0047881b,0046c8f0,CDSJpegImage,FUN_0046c8f0,before
00478850,Unwind@00478850,0046c8f0,CDSJpegImage,FUN_0046c8f0,before
00478880,Unwind@00478880,0046c8f0,CDSJpegImage,FUN_0046c8f0,before
004788b0,Unwind@004788b0,0046c8f0,CDSJpegImage,FUN_0046c8f0,before
004788b8,Unwind@004788b8,0046c8f0,CDSJpegImage,FUN_0046c8f0,before
004788c3,Unwind@004788c3,0046c8f0,CDSJpegImage,FUN_0046c8f0,before
004788d1,Unwind@004788d1,0046c8f0,CDSJpegImage,FUN_0046c8f0,before
004788df,Unwind@004788df,0046c8f0,CDSJpegImage,FUN_0046c8f0,before
004788e7,Unwind@004788e7,0046c8f0,CDSJpegImage,FUN_0046c8f0,before
004788f2,Unwind@004788f2,0046c8f0,CDSJpegImage,FUN_0046c8f0,before
004788fd,Unwind@004788fd,0046c8f0,CDSJpegImage,FUN_0046c8f0,before
00478908,Unwind@00478908,0046c8f0,CDSJpegImage,FUN_0046c8f0,before
00478913,Unwind@00478913,0046c8f0,CDSJpegImage,FUN_0046c8f0,before
0047891b,Unwind@0047891b,0046c8f0,CDSJpegImage,FUN_0046c8f0,before
00478926,Unwind@00478926,0046c8f0,CDSJpegImage,FUN_0046c8f0,before
00478931,Unwind@00478931,0046c8f0,CDSJpegImage,FUN_0046c8f0,before
0047893c,Unwind@0047893c,0046c8f0,CDSJpegImage,FUN_0046c8f0,before
00478947,Unwind@00478947,0046c8f0,CDSJpegImage,FUN_0046c8f0,before
00478952,Unwind@00478952,0046c8f0,CDSJpegImage,FUN_0046c8f0,before
0047895d,Unwind@0047895d,0046c8f0,CDSJpegImage,FUN_0046c8f0,before
00478968,Unwind@00478968,0046c8f0,CDSJpegImage,FUN_0046c8f0,before
00478973,Unwind@00478973,0046c8f0,CDSJpegImage,FUN_0046c8f0,before
0047897e,Unwind@0047897e,0046c8f0,CDSJpegImage,FUN_0046c8f0,before
004789b0,Unwind@004789b0,0046c8f0,CDSJpegImage,FUN_0046c8f0,before
004789e0,Unwind@004789e0,0046c8f0,CDSJpegImage,FUN_0046c8f0,before
00478a10,Unwind@00478a10,0046c8f0,CDSJpegImage,FUN_0046c8f0,before
00478a18,Unwind@00478a18,0046c8f0,CDSJpegImage,FUN_0046c8f0,before
00478a40,Unwind@00478a40,0046c8f0,CDSJpegImage,FUN_0046c8f0,before
00478a48,Unwind@00478a48,0046c8f0,CDSJpegImage,FUN_0046c8f0,before
00478a90,Unwind@00478a90,0046c8f0,CDSJpegImage,FUN_0046c8f0,before
00478ac0,Unwind@00478ac0,0046c8f0,CDSJpegImage,FUN_0046c8f0,before
00478af0,Unwind@00478af0,0046c8f0,CDSJpegImage,FUN_0046c8f0,before
00478b20,Unwind@00478b20,0046c8f0,CDSJpegImage,FUN_0046c8f0,before
00478b50,Unwind@00478b50,0046c8f0,CDSJpegImage,FUN_0046c8f0,before
00478b80,Unwind@00478b80,0046c8f0,CDSJpegImage,FUN_0046c8f0,before
00478bb0,Unwind@00478bb0,0046c8f0,CDSJpegImage,FUN_0046c8f0,before
00478bb8,Unwind@00478bb8,0046c8f0,CDSJpegImage,FUN_0046c8f0,before
00478be0,Unwind@00478be0,0046c8f0,CDSJpegImage,FUN_0046c8f0,before
00478be8,Unwind@00478be8,0046c8f0,CDSJpegImage,FUN_0046c8f0,before
00478c20,Unwind@00478c20,0046c8f0,CDSJpegImage,FUN_0046c8f0,before
00478c28,Unwind@00478c28,0046c8f0,CDSJpegImage,FUN_0046c8f0,before
00478c33,Unwind@00478c33,0046c8f0,CDSJpegImage,FUN_0046c8f0,before
00478c70,Unwind@00478c70,0046c8f0,CDSJpegImage,FUN_0046c8f0,before
00478c78,Unwind@00478c78,0046c8f0,CDSJpegImage,FUN_0046c8f0,before
00478c8e,Unwind@00478c8e,0046c8f0,CDSJpegImage,FUN_0046c8f0,before
00478c96,Unwind@00478c96,0046c8f0,CDSJpegImage,FUN_0046c8f0,before
00478ca1,Unwind@00478ca1,0046c8f0,CDSJpegImage,FUN_0046c8f0,before
00478ca9,Unwind@00478ca9,0046c8f0,CDSJpegImage,FUN_0046c8f0,before
00478cb1,Unwind@00478cb1,0046c8f0,CDSJpegImage,FUN_0046c8f0,before
00478cbc,Unwind@00478cbc,0046c8f0,CDSJpegImage,FUN_0046c8f0,before
00478cc7,Unwind@00478cc7,0046c8f0,CDSJpegImage,FUN_0046c8f0,before
00478cd2,Unwind@00478cd2,0046c8f0,CDSJpegImage,FUN_0046c8f0,before
00478cdd,Unwind@00478cdd,0046c8f0,CDSJpegImage,FUN_0046c8f0,before
00478ce8,Unwind@00478ce8,0046c8f0,CDSJpegImage,FUN_0046c8f0,before
00478cf3,Unwind@00478cf3,0046c8f0,CDSJpegImage,FUN_0046c8f0,before
00478cfe,Unwind@00478cfe,0046c8f0,CDSJpegImage,FUN_0046c8f0,before
00478d09,Unwind@00478d09,0046c8f0,CDSJpegImage,FUN_0046c8f0,before
00478d14,Unwind@00478d14,0046c8f0,CDSJpegImage,FUN_0046c8f0,before
00478d1f,Unwind@00478d1f,0046c8f0,CDSJpegImage,FUN_0046c8f0,before
00478d27,Unwind@00478d27,0046c8f0,CDSJpegImage,FUN_0046c8f0,before
00478d50,Unwind@00478d50,0046c8f0,CDSJpegImage,FUN_0046c8f0,before
00478d80,Unwind@00478d80,0046c8f0,CDSJpegImage,FUN_0046c8f0,before
00478dd0,Unwind@00478dd0,0046c8f0,CDSJpegImage,FUN_0046c8f0,before
00478e00,Unwind@00478e00,0046c8f0,CDSJpegImage,FUN_0046c8f0,before
00478e08,Unwind@00478e08,0046c8f0,CDSJpegImage,FUN_0046c8f0,before
00478e2f,Unwind@00478e2f,0046c8f0,CDSJpegImage,FUN_0046c8f0,before
00478e56,Unwind@00478e56,0046c8f0,CDSJpegImage,FUN_0046c8f0,before
00478e80,Unwind@00478e80,0046c8f0,CDSJpegImage,FUN_0046c8f0,before
00478eb0,Unwind@00478eb0,0046c8f0,CDSJpegImage,FUN_0046c8f0,before
00478ee0,Unwind@00478ee0,0046c8f0,CDSJpegImage,FUN_0046c8f0,before
00478ee8,Unwind@00478ee8,0046c8f0,CDSJpegImage,FUN_0046c8f0,before
00478f30,Unwind@00478f30,0046c8f0,CDSJpegImage,FUN_0046c8f0,before
00478f38,Unwind@00478f38,0046c8f0,CDSJpegImage,FUN_0046c8f0,before
00478f5f,Unwind@00478f5f,0046c8f0,CDSJpegImage,FUN_0046c8f0,before
00478f90,Unwind@00478f90,0046c8f0,CDSJpegImage,FUN_0046c8f0,before
00478f98,Unwind@00478f98,0046c8f0,CDSJpegImage,FUN_0046c8f0,before
00478fa3,Unwind@00478fa3,0046c8f0,CDSJpegImage,FUN_0046c8f0,before
00478fd0,Unwind@00478fd0,0046c8f0,CDSJpegImage,FUN_0046c8f0,before
00478fd8,Unwind@00478fd8,0046c8f0,CDSJpegImage,FUN_0046c8f0,before
00478fe0,Unwind@00478fe0,0046c8f0,CDSJpegImage,FUN_0046c8f0,before
00478fe8,Unwind@00478fe8,0046c8f0,CDSJpegImage,FUN_0046c8f0,before
00478ff0,Unwind@00478ff0,0046c8f0,CDSJpegImage,FUN_0046c8f0,before
00478ffb,Unwind@00478ffb,0046c8f0,CDSJpegImage,FUN_0046c8f0,before
00479040,Unwind@00479040,0046c8f0,CDSJpegImage,FUN_0046c8f0,before
00479070,Unwind@00479070,0046c8f0,CDSJpegImage,FUN_0046c8f0,before
00479078,Unwind@00479078,0046c8f0,CDSJpegImage,FUN_0046c8f0,before
00479080,Unwind@00479080,0046c8f0,CDSJpegImage,FUN_0046c8f0,before
004790b0,Unwind@004790b0,0046c8f0,CDSJpegImage,FUN_0046c8f0,before
004790b8,Unwind@004790b8,0046c8f0,CDSJpegImage,FUN_0046c8f0,before
004790e0,Unwind@004790e0,0046c8f0,CDSJpegImage,FUN_0046c8f0,before
004790e8,Unwind@004790e8,0046c8f0,CDSJpegImage,FUN_0046c8f0,before
00479130,Unwind@00479130,0046c8f0,CDSJpegImage,FUN_0046c8f0,before
00479138,Unwind@00479138,0046c8f0,CDSJpegImage,FUN_0046c8f0,before
00479143,Unwind@00479143,0046c8f0,CDSJpegImage,FUN_0046c8f0,before
0047914e,Unwind@0047914e,0046c8f0,CDSJpegImage,FUN_0046c8f0,before
00479159,Unwind@00479159,0046c8f0,CDSJpegImage,FUN_0046c8f0,before
00479164,Unwind@00479164,0046c8f0,CDSJpegImage,FUN_0046c8f0,before
00479172,Unwind@00479172,0046c8f0,CDSJpegImage,FUN_0046c8f0,before
004791a0,Unwind@004791a0,0046c8f0,CDSJpegImage,FUN_0046c8f0,before
004791a8,Unwind@004791a8,0046c8f0,CDSJpegImage,FUN_0046c8f0,before
004791b3,Unwind@004791b3,0046c8f0,CDSJpegImage,FUN_0046c8f0,before
004791be,Unwind@004791be,0046c8f0,CDSJpegImage,FUN_0046c8f0,before
004791c9,Unwind@004791c9,0046c8f0,CDSJpegImage,FUN_0046c8f0,before
004791d4,Unwind@004791d4,0046c8f0,CDSJpegImage,FUN_0046c8f0,before
004791e2,Unwind@004791e2,0046c8f0,CDSJpegImage,FUN_0046c8f0,before
004791f0,Unwind@004791f0,0046c8f0,CDSJpegImage,FUN_0046c8f0,before
004791fe,Unwind@004791fe,0046c8f0,CDSJpegImage,FUN_0046c8f0,before
0047920c,Unwind@0047920c,0046c8f0,CDSJpegImage,FUN_0046c8f0,before
0047921a,Unwind@0047921a,0046c8f0,CDSJpegImage,FUN_0046c8f0,before
00479240,Unwind@00479240,0046c8f0,CDSJpegImage,FUN_0046c8f0,before
00479248,Unwind@00479248,0046c8f0,CDSJpegImage,FUN_0046c8f0,before
00479253,Unwind@00479253,0046c8f0,CDSJpegImage,FUN_0046c8f0,before
0047925e,Unwind@0047925e,0046c8f0,CDSJpegImage,FUN_0046c8f0,before
00479269,Unwind@00479269,0046c8f0,CDSJpegImage,FUN_0046c8f0,before
00479274,Unwind@00479274,0046c8f0,CDSJpegImage,FUN_0046c8f0,before
00479282,Unwind@00479282,0046c8f0,CDSJpegImage,FUN_0046c8f0,before
00479290,Unwind@00479290,0046c8f0,CDSJpegImage,FUN_0046c8f0,before
0047929e,Unwind@0047929e,0046c8f0,CDSJpegImage,FUN_0046c8f0,before
004792ac,Unwind@004792ac,0046c8f0,CDSJpegImage,FUN_0046c8f0,before
004792ba,Unwind@004792ba,0046c8f0,CDSJpegImage,FUN_0046c8f0,before
004792e0,Unwind@004792e0,0046c8f0,CDSJpegImage,FUN_0046c8f0,before
00479310,Unwind@00479310,0046c8f0,CDSJpegImage,FUN_0046c8f0,before
00479340,Unwind@00479340,0046c8f0,CDSJpegImage,FUN_0046c8f0,before
00479348,Unwind@00479348,0046c8f0,CDSJpegImage,FUN_0046c8f0,before
0047936f,Unwind@0047936f,0046c8f0,CDSJpegImage,FUN_0046c8f0,before
004793a0,Unwind@004793a0,0046c8f0,CDSJpegImage,FUN_0046c8f0,before
004793d0,Unwind@004793d0,0046c8f0,CDSJpegImage,FUN_0046c8f0,before
00479400,Unwind@00479400,0046c8f0,CDSJpegImage,FUN_0046c8f0,before
00479450,Unwind@00479450,0046c8f0,CDSJpegImage,FUN_0046c8f0,before
00479458,Unwind@00479458,0046c8f0,CDSJpegImage,FUN_0046c8f0,before
00479460,Unwind@00479460,0046c8f0,CDSJpegImage,FUN_0046c8f0,before
00479468,Unwind@00479468,0046c8f0,CDSJpegImage,FUN_0046c8f0,before
00479470,Unwind@00479470,0046c8f0,CDSJpegImage,FUN_0046c8f0,before
00479478,Unwind@00479478,0046c8f0,CDSJpegImage,FUN_0046c8f0,before
004794a0,Unwind@004794a0,0046c8f0,CDSJpegImage,FUN_0046c8f0,before
004794a8,Unwind@004794a8,0046c8f0,CDSJpegImage,FUN_0046c8f0,before
004794d0,Unwind@004794d0,0046c8f0,CDSJpegImage,FUN_0046c8f0,before
004794d8,Unwind@004794d8,0046c8f0,CDSJpegImage,FUN_0046c8f0,before
00479500,Unwind@00479500,0046c8f0,CDSJpegImage,FUN_0046c8f0,before
00479540,Unwind@00479540,0046c8f0,CDSJpegImage,FUN_0046c8f0,before
00479570,Unwind@00479570,0046c8f0,CDSJpegImage,FUN_0046c8f0,before
00479578,Unwind@00479578,0046c8f0,CDSJpegImage,FUN_0046c8f0,before
004795a0,Unwind@004795a0,0046c8f0,CDSJpegImage,FUN_0046c8f0,before
004795ab,Unwind@004795ab,0046c8f0,CDSJpegImage,FUN_0046c8f0,before
004795e0,Unwind@004795e0,0046c8f0,CDSJpegImage,FUN_0046c8f0,before
00479610,Unwind@00479610,0046c8f0,CDSJpegImage,FUN_0046c8f0,before
0047961b,Unwind@0047961b,0046c8f0,CDSJpegImage,FUN_0046c8f0,before
00479650,Unwind@00479650,0046c8f0,CDSJpegImage,FUN_0046c8f0,before
00479680,Unwind@00479680,0046c8f0,CDSJpegImage,FUN_0046c8f0,before
0047968b,Unwind@0047968b,0046c8f0,CDSJpegImage,FUN_0046c8f0,before
004796c0,Unwind@004796c0,0046c8f0,CDSJpegImage,FUN_0046c8f0,before
004796cb,Unwind@004796cb,0046c8f0,CDSJpegImage,FUN_0046c8f0,before
00479720,Unwind@00479720,0046c8f0,CDSJpegImage,FUN_0046c8f0,before
00479770,Unwind@00479770,0046c8f0,CDSJpegImage,FUN_0046c8f0,before
00479778,Unwind@00479778,0046c8f0,CDSJpegImage,FUN_0046c8f0,before
00479783,Unwind@00479783,0046c8f0,CDSJpegImage,FUN_0046c8f0,before
004797b0,Unwind@004797b0,0046c8f0,CDSJpegImage,FUN_0046c8f0,before
004797b8,Unwind@004797b8,0046c8f0,CDSJpegImage,FUN_0046c8f0,before
004797c3,Unwind@004797c3,0046c8f0,CDSJpegImage,FUN_0046c8f0,before
004797ce,Unwind@004797ce,0046c8f0,CDSJpegImage,FUN_0046c8f0,before
004797d9,Unwind@004797d9,0046c8f0,CDSJpegImage,FUN_0046c8f0,before
00479800,Unwind@00479800,0046c8f0,CDSJpegImage,FUN_0046c8f0,before
00479808,Unwind@00479808,0046c8f0,CDSJpegImage,FUN_0046c8f0,before
00479813,Unwind@00479813,0046c8f0,CDSJpegImage,FUN_0046c8f0,before
0047981e,Unwind@0047981e,0046c8f0,CDSJpegImage,FUN_0046c8f0,before
00479829,Unwind@00479829,0046c8f0,CDSJpegImage,FUN_0046c8f0,before
00479850,Unwind@00479850,0046c8f0,CDSJpegImage,FUN_0046c8f0,before
00479880,Unwind@00479880,0046c8f0,CDSJpegImage,FUN_0046c8f0,before
004798b0,Unwind@004798b0,0046c8f0,CDSJpegImage,FUN_0046c8f0,before
004798e0,Unwind@004798e0,0046c8f0,CDSJpegImage,FUN_0046c8f0,before
00479910,Unwind@00479910,0046c8f0,CDSJpegImage,FUN_0046c8f0,before
00479940,Unwind@00479940,0046c8f0,CDSJpegImage,FUN_0046c8f0,before
00479948,Unwind@00479948,0046c8f0,CDSJpegImage,FUN_0046c8f0,before
00479970,Unwind@00479970,0046c8f0,CDSJpegImage,FUN_0046c8f0,before
00479978,Unwind@00479978,0046c8f0,CDSJpegImage,FUN_0046c8f0,before
004799a0,Unwind@004799a0,0046c8f0,CDSJpegImage,FUN_0046c8f0,before
004799ab,Unwind@004799ab,0046c8f0,CDSJpegImage,FUN_0046c8f0,before
004799d0,Unwind@004799d0,0046c8f0,CDSJpegImage,FUN_0046c8f0,before
004799d8,Unwind@004799d8,0046c8f0,CDSJpegImage,FUN_0046c8f0,before
00479a00,Unwind@00479a00,0046c8f0,CDSJpegImage,FUN_0046c8f0,before
00479ac0,Unwind@00479ac0,0046c8f0,CDSJpegImage,FUN_0046c8f0,before
00479ac8,Unwind@00479ac8,0046c8f0,CDSJpegImage,FUN_0046c8f0,before
00479b10,Unwind@00479b10,0046c8f0,CDSJpegImage,FUN_0046c8f0,before
00479b50,Unwind@00479b50,0046c8f0,CDSJpegImage,FUN_0046c8f0,before
00479b80,Unwind@00479b80,0046c8f0,CDSJpegImage,FUN_0046c8f0,before
00479b88,Unwind@00479b88,0046c8f0,CDSJpegImage,FUN_0046c8f0,before
00479bd0,Unwind@00479bd0,0046c8f0,CDSJpegImage,FUN_0046c8f0,before
00479bd8,Unwind@00479bd8,0046c8f0,CDSJpegImage,FUN_0046c8f0,before
00479be3,Unwind@00479be3,0046c8f0,CDSJpegImage,FUN_0046c8f0,before
00479c10,Unwind@00479c10,0046c8f0,CDSJpegImage,FUN_0046c8f0,before
00479c18,Unwind@00479c18,0046c8f0,CDSJpegImage,FUN_0046c8f0,before
00479c3f,Unwind@00479c3f,0046c8f0,CDSJpegImage,FUN_0046c8f0,before
00479c70,Unwind@00479c70,0046c8f0,CDSJpegImage,FUN_0046c8f0,before
00479ca0,Unwind@00479ca0,0046c8f0,CDSJpegImage,FUN_0046c8f0,before
00479ca8,Unwind@00479ca8,0046c8f0,CDSJpegImage,FUN_0046c8f0,before
00479cf0,Unwind@00479cf0,0046c8f0,CDSJpegImage,FUN_0046c8f0,before
00479d20,Unwind@00479d20,0046c8f0,CDSJpegImage,FUN_0046c8f0,before
00479d28,Unwind@00479d28,0046c8f0,CDSJpegImage,FUN_0046c8f0,before
00479d50,Unwind@00479d50,0046c8f0,CDSJpegImage,FUN_0046c8f0,before
00479d80,Unwind@00479d80,0046c8f0,CDSJpegImage,FUN_0046c8f0,before
00479db0,Unwind@00479db0,0046c8f0,CDSJpegImage,FUN_0046c8f0,before
00479de0,Unwind@00479de0,0046c8f0,CDSJpegImage,FUN_0046c8f0,before
00479de8,Unwind@00479de8,0046c8f0,CDSJpegImage,FUN_0046c8f0,before
00479df3,Unwind@00479df3,0046c8f0,CDSJpegImage,FUN_0046c8f0,before
00479dfe,Unwind@00479dfe,0046c8f0,CDSJpegImage,FUN_0046c8f0,before
00479e30,Unwind@00479e30,0046c8f0,CDSJpegImage,FUN_0046c8f0,before
00479e38,Unwind@00479e38,0046c8f0,CDSJpegImage,FUN_0046c8f0,before
00479e43,Unwind@00479e43,0046c8f0,CDSJpegImage,FUN_0046c8f0,before
00479e4e,Unwind@00479e4e,0046c8f0,CDSJpegImage,FUN_0046c8f0,before
00479e80,Unwind@00479e80,0046c8f0,CDSJpegImage,FUN_0046c8f0,before
00479eb0,Unwind@00479eb0,0046c8f0,CDSJpegImage,FUN_0046c8f0,before
00479eb8,Unwind@00479eb8,0046c8f0,CDSJpegImage,FUN_0046c8f0,before
00479ec3,Unwind@00479ec3,0046c8f0,CDSJpegImage,FUN_0046c8f0,before
00479ece,Unwind@00479ece,0046c8f0,CDSJpegImage,FUN_0046c8f0,before
00479ed9,Unwind@00479ed9,0046c8f0,CDSJpegImage,FUN_0046c8f0,before
00479f00,Unwind@00479f00,0046c8f0,CDSJpegImage,FUN_0046c8f0,before
00479f30,Unwind@00479f30,0046c8f0,CDSJpegImage,FUN_0046c8f0,before
00479f60,Unwind@00479f60,0046c8f0,CDSJpegImage,FUN_0046c8f0,before
00479f90,Unwind@00479f90,0046c8f0,CDSJpegImage,FUN_0046c8f0,before
00479fc0,Unwind@00479fc0,0046c8f0,CDSJpegImage,FUN_0046c8f0,before
00479fc8,Unwind@00479fc8,0046c8f0,CDSJpegImage,FUN_0046c8f0,before
00479ff0,Unwind@00479ff0,0046c8f0,CDSJpegImage,FUN_0046c8f0,before
00479ff8,Unwind@00479ff8,0046c8f0,CDSJpegImage,FUN_0046c8f0,before
0047a01f,Unwind@0047a01f,0046c8f0,CDSJpegImage,FUN_0046c8f0,before
0047a050,Unwind@0047a050,0046c8f0,CDSJpegImage,FUN_0046c8f0,before
0047a080,Unwind@0047a080,0046c8f0,CDSJpegImage,FUN_0046c8f0,before
0047a08b,Unwind@0047a08b,0046c8f0,CDSJpegImage,FUN_0046c8f0,before
0047a093,Unwind@0047a093,0046c8f0,CDSJpegImage,FUN_0046c8f0,before
0047a09e,Unwind@0047a09e,0046c8f0,CDSJpegImage,FUN_0046c8f0,before
0047a0d0,Unwind@0047a0d0,0046c8f0,CDSJpegImage,FUN_0046c8f0,before
0047a100,Unwind@0047a100,0046c8f0,CDSJpegImage,FUN_0046c8f0,before
0047a130,Unwind@0047a130,0046c8f0,CDSJpegImage,FUN_0046c8f0,before
0047a160,Unwind@0047a160,0046c8f0,CDSJpegImage,FUN_0046c8f0,before
0047a190,Unwind@0047a190,0046c8f0,CDSJpegImage,FUN_0046c8f0,before
0047a1c0,Unwind@0047a1c0,0046c8f0,CDSJpegImage,FUN_0046c8f0,before
0047a1f0,Unwind@0047a1f0,0046c8f0,CDSJpegImage,FUN_0046c8f0,before
0047a1f8,Unwind@0047a1f8,0046c8f0,CDSJpegImage,FUN_0046c8f0,before
0047a203,Unwind@0047a203,0046c8f0,CDSJpegImage,FUN_0046c8f0,before
0047a20e,Unwind@0047a20e,0046c8f0,CDSJpegImage,FUN_0046c8f0,before
0047a219,Unwind@0047a219,0046c8f0,CDSJpegImage,FUN_0046c8f0,before
0047a240,Unwind@0047a240,0046c8f0,CDSJpegImage,FUN_0046c8f0,before
0047a248,Unwind@0047a248,0046c8f0,CDSJpegImage,FUN_0046c8f0,before
0047a253,Unwind@0047a253,0046c8f0,CDSJpegImage,FUN_0046c8f0,before
0047a25e,Unwind@0047a25e,0046c8f0,CDSJpegImage,FUN_0046c8f0,before
0047a269,Unwind@0047a269,0046c8f0,CDSJpegImage,FUN_0046c8f0,before
0047a290,Unwind@0047a290,0046c8f0,CDSJpegImage,FUN_0046c8f0,before
0047a2c0,Unwind@0047a2c0,0046c8f0,CDSJpegImage,FUN_0046c8f0,before
0047a2f0,Unwind@0047a2f0,0046c8f0,CDSJpegImage,FUN_0046c8f0,before
0047a330,Unwind@0047a330,0046c8f0,CDSJpegImage,FUN_0046c8f0,before
0047a338,Unwind@0047a338,0046c8f0,CDSJpegImage,FUN_0046c8f0,before
0047a360,Unwind@0047a360,0046c8f0,CDSJpegImage,FUN_0046c8f0,before
0047a368,Unwind@0047a368,0046c8f0,CDSJpegImage,FUN_0046c8f0,before
0047a370,Unwind@0047a370,0046c8f0,CDSJpegImage,FUN_0046c8f0,before
0047a37b,Unwind@0047a37b,0046c8f0,CDSJpegImage,FUN_0046c8f0,before
0047a3b0,Unwind@0047a3b0,0046c8f0,CDSJpegImage,FUN_0046c8f0,before
0047a3e0,Unwind@0047a3e0,0046c8f0,CDSJpegImage,FUN_0046c8f0,before
0047a3e8,Unwind@0047a3e8,0046c8f0,CDSJpegImage,FUN_0046c8f0,before
0047a410,Unwind@0047a410,0046c8f0,CDSJpegImage,FUN_0046c8f0,before
0047a440,Unwind@0047a440,0046c8f0,CDSJpegImage,FUN_0046c8f0,before
0047a470,Unwind@0047a470,0046c8f0,CDSJpegImage,FUN_0046c8f0,before
0047a4a0,Unwind@0047a4a0,0046c8f0,CDSJpegImage,FUN_0046c8f0,before
0047a4d0,Unwind@0047a4d0,0046c8f0,CDSJpegImage,FUN_0046c8f0,before
0047a500,Unwind@0047a500,0046c8f0,CDSJpegImage,FUN_0046c8f0,before
0047a540,Unwind@0047a540,0046c8f0,CDSJpegImage,FUN_0046c8f0,before
0047a548,Unwind@0047a548,0046c8f0,CDSJpegImage,FUN_0046c8f0,before
0047a570,Unwind@0047a570,0046c8f0,CDSJpegImage,FUN_0046c8f0,before
0047a5d0,Unwind@0047a5d0,0046c8f0,CDSJpegImage,FUN_0046c8f0,before
0047a600,Unwind@0047a600,0046c8f0,CDSJpegImage,FUN_0046c8f0,before
0047a630,Unwind@0047a630,0046c8f0,CDSJpegImage,FUN_0046c8f0,before
0047a638,Unwind@0047a638,0046c8f0,CDSJpegImage,FUN_0046c8f0,before
0047a660,Unwind@0047a660,0046c8f0,CDSJpegImage,FUN_0046c8f0,before
0047a668,Unwind@0047a668,0046c8f0,CDSJpegImage,FUN_0046c8f0,before
0047a690,Unwind@0047a690,0046c8f0,CDSJpegImage,FUN_0046c8f0,before
0047a698,Unwind@0047a698,0046c8f0,CDSJpegImage,FUN_0046c8f0,before
0047a6c0,Unwind@0047a6c0,0046c8f0,CDSJpegImage,FUN_0046c8f0,before
0047a6f0,Unwind@0047a6f0,0046c8f0,CDSJpegImage,FUN_0046c8f0,before
0047a720,Unwind@0047a720,0046c8f0,CDSJpegImage,FUN_0046c8f0,before
0047a750,Unwind@0047a750,0046c8f0,CDSJpegImage,FUN_0046c8f0,before
0047a758,Unwind@0047a758,0046c8f0,CDSJpegImage,FUN_0046c8f0,before
0047a763,Unwind@0047a763,0046c8f0,CDSJpegImage,FUN_0046c8f0,before
0047a76e,Unwind@0047a76e,0046c8f0,CDSJpegImage,FUN_0046c8f0,before
0047a7a0,Unwind@0047a7a0,0046c8f0,CDSJpegImage,FUN_0046c8f0,before
0047a7a8,Unwind@0047a7a8,0046c8f0,CDSJpegImage,FUN_0046c8f0,before
0047a7cf,Unwind@0047a7cf,0046c8f0,CDSJpegImage,FUN_0046c8f0,before
0047a7da,Unwind@0047a7da,0046c8f0,CDSJpegImage,FUN_0046c8f0,before
0047a820,Unwind@0047a820,0046c8f0,CDSJpegImage,FUN_0046c8f0,before
0047a870,Unwind@0047a870,0046c8f0,CDSJpegImage,FUN_0046c8f0,before
0047a878,Unwind@0047a878,0046c8f0,CDSJpegImage,FUN_0046c8f0,before
0047a883,Unwind@0047a883,0046c8f0,CDSJpegImage,FUN_0046c8f0,before
0047a8b0,Unwind@0047a8b0,0046c8f0,CDSJpegImage,FUN_0046c8f0,before
0047a900,Unwind@0047a900,0046c8f0,CDSJpegImage,FUN_0046c8f0,before
0047a908,Unwind@0047a908,0046c8f0,CDSJpegImage,FUN_0046c8f0,before
0047a913,Unwind@0047a913,0046c8f0,CDSJpegImage,FUN_0046c8f0,before
0047a91e,Unwind@0047a91e,0046c8f0,CDSJpegImage,FUN_0046c8f0,before
0047a950,Unwind@0047a950,0046c8f0,CDSJpegImage,FUN_0046c8f0,before
0047a958,Unwind@0047a958,0046c8f0,CDSJpegImage,FUN_0046c8f0,before
0047a97f,Unwind@0047a97f,0046c8f0,CDSJpegImage,FUN_0046c8f0,before
0047a98a,Unwind@0047a98a,0046c8f0,CDSJpegImage,FUN_0046c8f0,before
0047a9b0,Unwind@0047a9b0,0046c8f0,CDSJpegImage,FUN_0046c8f0,before
0047a9e0,Unwind@0047a9e0,0046c8f0,CDSJpegImage,FUN_0046c8f0,before
0047a9e8,Unwind@0047a9e8,0046c8f0,CDSJpegImage,FUN_0046c8f0,before
0047aa10,Unwind@0047aa10,0046c8f0,CDSJpegImage,FUN_0046c8f0,before
0047aa18,Unwind@0047aa18,0046c8f0,CDSJpegImage,FUN_0046c8f0,before
0047aa23,Unwind@0047aa23,0046c8f0,CDSJpegImage,FUN_0046c8f0,before
0047aa50,Unwind@0047aa50,0046c8f0,CDSJpegImage,FUN_0046c8f0,before
0047aa80,Unwind@0047aa80,0046c8f0,CDSJpegImage,FUN_0046c8f0,before
0047aab0,Unwind@0047aab0,0046c8f0,CDSJpegImage,FUN_0046c8f0,before
0047aae0,Unwind@0047aae0,0046c8f0,CDSJpegImage,FUN_0046c8f0,before
0047ab10,Unwind@0047ab10,0046c8f0,CDSJpegImage,FUN_0046c8f0,before
0047ab18,Unwind@0047ab18,0046c8f0,CDSJpegImage,FUN_0046c8f0,before
0047ab23,Unwind@0047ab23,0046c8f0,CDSJpegImage,FUN_0046c8f0,before
0047ab50,Unwind@0047ab50,0046c8f0,CDSJpegImage,FUN_0046c8f0,before
0047ab58,Unwind@0047ab58,0046c8f0,CDSJpegImage,FUN_0046c8f0,before
0047ab63,Unwind@0047ab63,0046c8f0,CDSJpegImage,FUN_0046c8f0,before
0047ab6e,Unwind@0047ab6e,0046c8f0,CDSJpegImage,FUN_0046c8f0,before
0047aba0,Unwind@0047aba0,0046c8f0,CDSJpegImage,FUN_0046c8f0,before
0047ac30,Unwind@0047ac30,0046c8f0,CDSJpegImage,FUN_0046c8f0,before
0047ac38,Unwind@0047ac38,0046c8f0,CDSJpegImage,FUN_0046c8f0,before
0047ac60,Unwind@0047ac60,0046c8f0,CDSJpegImage,FUN_0046c8f0,before
0047acd0,Unwind@0047acd0,0046c8f0,CDSJpegImage,FUN_0046c8f0,before
0047acd8,Unwind@0047acd8,0046c8f0,CDSJpegImage,FUN_0046c8f0,before
0047ace3,Unwind@0047ace3,0046c8f0,CDSJpegImage,FUN_0046c8f0,before
0047acee,Unwind@0047acee,0046c8f0,CDSJpegImage,FUN_0046c8f0,before
0047ad20,Unwind@0047ad20,0046c8f0,CDSJpegImage,FUN_0046c8f0,before
0047ad28,Unwind@0047ad28,0046c8f0,CDSJpegImage,FUN_0046c8f0,before
0047ad4f,Unwind@0047ad4f,0046c8f0,CDSJpegImage,FUN_0046c8f0,before
0047ad76,Unwind@0047ad76,0046c8f0,CDSJpegImage,FUN_0046c8f0,before
0047adc0,Unwind@0047adc0,0046c8f0,CDSJpegImage,FUN_0046c8f0,before
0047adf0,Unwind@0047adf0,0046c8f0,CDSJpegImage,FUN_0046c8f0,before
0047ae20,Unwind@0047ae20,0046c8f0,CDSJpegImage,FUN_0046c8f0,before
0047ae28,Unwind@0047ae28,0046c8f0,CDSJpegImage,FUN_0046c8f0,before
0047ae60,Unwind@0047ae60,0046c8f0,CDSJpegImage,FUN_0046c8f0,before
0047ae68,Unwind@0047ae68,0046c8f0,CDSJpegImage,FUN_0046c8f0,before
0047ae76,Unwind@0047ae76,0046c8f0,CDSJpegImage,FUN_0046c8f0,before
0047aea0,Unwind@0047aea0,0046c8f0,CDSJpegImage,FUN_0046c8f0,before
0047aed0,Unwind@0047aed0,0046c8f0,CDSJpegImage,FUN_0046c8f0,before
0047af00,Unwind@0047af00,0046c8f0,CDSJpegImage,FUN_0046c8f0,before
0047af30,Unwind@0047af30,0046c8f0,CDSJpegImage,FUN_0046c8f0,before
0047af60,Unwind@0047af60,0046c8f0,CDSJpegImage,FUN_0046c8f0,before
0047af68,Unwind@0047af68,0046c8f0,CDSJpegImage,FUN_0046c8f0,before
0047afb0,Unwind@0047afb0,0046c8f0,CDSJpegImage,FUN_0046c8f0,before
