module,namespace,function_count,total_bytes,vftable_count,first_addr,last_addr
Engine.DS.Core,CDSApp,21,1574,4,00401040,00467431
Engine.DS.Core,CDSCollection,7,534,2,00401230,00431409
Engine.DS.Core,CDSView,10,391,4,00403390,0042cadb
Engine.DS.Core,CDSChain,8,334,2,004011f0,0042fc97
Engine.DS.Core,CDSWorkingThread,5,140,2,00447210,004472fe
Engine.DS.Core,CDSChained,3,44,2,004032c0,00433dee
Engine.DS.Core,CDSScript,3,44,2,004383e0,00438cae
Engine.DS.Core,CDSObject,2,20,1,004011e0,004245ce
Engine.DS.Stream,CDSStreamStorage,22,1487,3,00401850,004348ca
Engine.DS.Stream,CDSFilterStream,19,1225,4,0042ff90,00430ffe
Engine.DS.Stream,CDSGZipStream,19,1116,4,00409030,00446c2a
Engine.DS.Stream,CDSFileStream,26,1094,4,00401600,00433940
Engine.DS.Stream,CDSEasyMemStream,15,987,3,004091f0,00430dc8
Engine.DS.Stream,CDSQueueStream,15,775,3,00428960,0043c1c7
Engine.DS.Stream,CDSSafeStream,16,646,4,00433b60,00447046
Engine.DS.Stream,CDSGZipStreamData,4,146,2,00434fa0,0043504e
Engine.DS.Stream,CDSSafeStreamInfo,4,138,2,00446cb0,0044709e
Engine.DS.Stream,CDSMemQueue,2,36,1,0043c3c0,0043c58e
Engine.DS.Resource,CDSDsmFile,31,2061,6,004289a0,0043c79a
Engine.DS.Resource,CDSFlxFile,27,1685,5,00432740,00437025
Engine.DS.Resource,CDSResourceSign,14,427,4,0042e680,004349be
Engine.DS.Resource,CDSResInfo,5,130,2,004339f0,004342eb
Engine.DS.Resource,CDSStrmResInfo,3,104,2,00433940,00433a96
Engine.DS.Resource,CDSUpdatedItem,1,6,1,0042ea70,0042ea76
Engine.DS.Resource,CDSStrmStgLoadingInfo,1,6,2,00433db0,00433db6
Engine.DS.Graphics,CDSJpegImage,40,7393,5,00431510,0046c99f
Engine.DS.Graphics,CDSBmpImage,12,1454,5,00425130,004360ca
Engine.DS.Graphics,CDSImage,17,654,5,004255e0,004375de
Engine.DS.Graphics,CDSImageMouse,6,433,2,0042ac80,0042bad2
Engine.DS.Graphics,CDSFont,3,116,5,004372b0,00437516
Engine.DS.Graphics,CDSBitmap,6,68,6,00422980,0042750e
Engine.DS.Graphics,CDSBackBuffer,3,44,2,0042ad20,0042adce
Engine.DS.Graphics,CDSMouse,2,14,2,00423b10,00423b28
Engine.DS.Graphics,CDSAnim,1,6,7,00439510,00439516
Engine.DS.Audio,CDSAudioBank,8,1002,4,004292f0,0042985a
Engine.DS.Audio,CDSDirectSound,10,763,4,0043a350,0043ce48
Engine.DS.Audio,CDSWav,11,358,3,0041a510,0043ba99
Engine.DS.Audio,CDSWavStream,13,327,5,0041a5c0,0043bb93
Engine.DS.Audio,CDSAudioPlayer,4,278,2,0043a570,0043a75e
Engine.DS.Audio,CDSAudioBankSample,6,265,3,004291d0,0042952e
Engine.DS.Audio,CDSAudioVideoPlayer,3,150,1,0043bc10,0043bd5e
Engine.DS.Video,CDSMpx,39,13832,3,00432f10,0045d166
Engine.DS.Video,CDSMpxStream,11,341,5,00432eb0,004331d2
Engine.DS.Video,CDSMpxDecoder,3,151,1,004468b0,00446afe
Engine.DS.Video,CDSVideoPlayer,4,84,2,00439b90,00439fde
Engine.DS.Input,CDirectKeyb,3,155,1,00412340,0041245e
Engine.DS.Network,CDSDirectPlay,3,154,1,0043b2d0,0043b61e
Engine.DS.Network,CDSDirectPlaySender,5,103,2,0043ad20,0043b54e
Engine.DS.Exception,CDSStreamException,4,321,1,0042ffe0,00430b3e
Engine.DS.Exception,CDSDirectXException,6,305,1,0043b6f0,0043b94e
Engine.DS.Exception,CDSRegKeyException,4,280,1,00437b20,0043815e
Engine.DS.Exception,CDSApiException,4,254,1,00434b00,00434e2e
Engine.DS.Exception,CDSException,6,198,1,0042fff0,0044d3bb
Engine.DS.Exception,CDSResourceException,4,159,1,00434350,004348fe
Engine.DS.Exception,CDSMemoryException,2,34,1,004349c0,00434a96
Engine.DS.Exception,CDSSimpleException,2,13,1,00434ac0,00434ad7
Engine.DS.Text,CDSStaticTexts,2,12,2,00428870,00428886
Game.Entities,CBulanci,140,30671,4,00401350,004487ad
Game.Entities,CBulanek,38,6555,6,00412850,00422493
Game.Entities,CWeapon,10,1497,2,00416750,004215ad
Game.Entities,CShot,15,1392,5,004170e0,0041e065
Game.Entities,CExplosion,5,891,7,0041a2f0,0041f00c
Game.Entities,CMina,16,648,8,00416790,0041efd4
Game.Entities,CBulAnim,20,515,7,0040ad20,0043970e
Game.Entities,CIcon,10,426,4,00403070,004065fe
Game.Entities,CSpells,3,417,6,00426da0,004279ec
Game.Entities,CRuch,9,337,5,00423d00,00423e95
Game.Entities,CBulPicture,8,298,4,0040aaa0,0040ebee
Game.Entities,CTeleportPoint,3,245,7,0041a970,0041ff8e
Game.Entities,CDeath,5,181,7,00416650,00419a86
Game.Entities,CDeath2,3,55,7,00417af0,00419b06
Game.Entities,CItemInfo,2,9,1,00403500,00434b13
Game.Entities,CObstacle,1,6,4,00416fb0,00416fb6
Game.Logic,CGaming,35,3744,5,00412520,0043aade
Game.Logic,CGame,16,1644,3,0040a840,0043ca48
Game.Logic,CShotCounter,8,805,4,00426e10,00448be1
Game.Logic,CNumCounter,10,758,5,00427020,00427b0e
Game.Logic,CLevelScript,17,554,5,00416a90,00438f10
Game.Logic,CLevelScore,6,242,2,00409050,00409a5e
Game.Logic,CGameCounter,6,235,4,0040b140,0040ef5e
Game.Logic,CLevelList,2,148,5,0040b120,0040d51e
Game.Logic,CScore,6,110,4,0040abe0,0040f08e
Game.Logic,CLoadingLevel,1,6,4,0040e100,0040e106
Game.View,CMovieView,14,762,6,00422630,0043bbf8
Game.View,CGameView,7,412,4,00416f30,0041ad7d
Game.View,CHistoryView,2,82,4,00422670,00422ad6
Game.View,CBlackView,2,60,4,00403520,004045c6
Game.View,CHelpView,1,6,4,00421900,00421906
Game.Dialog,CPauseDlg,5,544,4,0040ac20,0040be16
Game.Dialog,CHelpDlg,7,332,4,00421dd0,0042230e
Game.Dialog,CHistoryDlg,7,332,4,00423130,0042369e
Game.Dialog,CGameTypeDlg,3,172,4,0040aad0,0040bc06
Game.Dialog,CExitDlg,3,136,4,0040b290,004390fe
Game.Dialog,CSetupDlg,2,55,4,0040e4d0,0040e5e1
Game.Dialog,CMsgDialog,1,6,4,0040b760,0040b766
Game.Dialog,CTcpIpConfig,1,6,4,0040c2c0,0040c2c6
Game.UI.Widget,CMenu,38,8251,5,00401050,0043b67d
Game.UI.Widget,CStartGame2,25,5165,5,00405440,004224f3
Game.UI.Widget,CGunMouse,13,2189,3,004238e0,004262be
Game.UI.Widget,CNumEdit,15,2069,5,004031a0,0045250b
Game.UI.Widget,CEdit,18,1860,5,00403150,0040ba2e
Game.UI.Widget,CScrollBar,14,1637,5,00402e80,004074fb
Game.UI.Widget,CPoemScroller,11,1044,5,004240f0,00436e3b
Game.UI.Widget,CListViewer,14,1040,5,00404240,0040834e
Game.UI.Widget,CChatList,5,1033,5,00404c80,0040d35b
Game.UI.Widget,CScroller,18,1007,5,00403120,004229a8
Game.UI.Widget,CRadio,13,1000,4,00402fb0,0040aa0c
Game.UI.Widget,CButton,12,936,4,004030b0,0040668e
Game.UI.Widget,CStartGame1,16,775,5,00403d20,0040f57e
Game.UI.Widget,CColorSwitch,11,589,4,0040aa10,0040ec9e
Game.UI.Widget,CColorSet,9,560,4,0040aed0,0040f60b
Game.UI.Widget,CSwitch,14,518,6,00423950,00425292
Game.UI.Widget,CChatEdit,3,485,5,0040b9f0,00413c41
Game.UI.Widget,CPanel,9,482,4,00412550,00427c2e
Game.UI.Widget,CVolume,10,397,5,0040be30,0040fc1e
Game.UI.Widget,CListBox,8,340,5,00405fc0,0040d0a8
Game.UI.Widget,CStaticText,7,335,4,00404970,004064de
Game.UI.Widget,CWindow,7,327,4,00403d60,0040f13e
Game.UI.Widget,CScoreItem,6,243,2,00408f50,00409aae
Game.UI.Widget,CPoem,10,224,4,00409100,00409b0e
Game.UI.Widget,CAnim,12,188,7,004164f0,0041b1c5
Game.UI.Widget,CBitmap,9,175,6,00418260,004192ad
Game.UI.Widget,CProgressBar,2,164,4,0040ad80,0040b28e
Game.UI.Widget,CListBoxItem,3,122,1,00404c70,004066de
Game.UI.Widget,CSessionList,2,56,4,0040adc0,0040c536
Game.UI.Widget,CSessionItem,1,6,1,0040b770,0040b776
Game.UI.Widget,CKeybShow,1,6,4,0040bbf0,0040bbf6
Game.Script,CHelpScript,6,159,4,00421680,0042193e
Game.Script,CHistoryScript,6,159,4,00422760,00422afe
Game.Misc,CAdvertising,10,213,5,0040acc0,0040fb8e
Runtime.ATL,ATL,2,201,0,00428886,00428953
Runtime.STL,_LocaleUpdate,4,310,0,004487c8,0044cf81
Runtime.STL,std::exception,4,218,1,0044beb0,0044bfad
Runtime.STL,type_info,5,181,1,0044734d,00449940
Runtime.STL,std::bad_alloc,3,72,1,00447be4,0044bf91
Runtime.STL,std::bad_exception,1,34,1,0044b047,0044b069
Runtime.STL,exception,1,22,0,0044bf6e,0044bf84
Runtime.Imports,DINPUT.DLL,1,6,0,004567a0,004567a6
Runtime.Imports,KERNEL32.DLL,1,6,0,00473f32,00473f38
Runtime.Imports,DDRAW.DLL,1,6,0,00473f38,00473f3e
_Globals,_Globals,2650,287603,0,00401000,0047b015
