ATL,ATL
CAdvertising,CAdvertising
CAnim,CAnim
CBitmap,CBitmap
CBlackView,CBlackView
CBulAnim,CBulAnim
CBulPicture,CBulPicture
CBulanci,CBulanci
CBulanek,CBulanek
CButton,CButton
CChatEdit,CChatEdit
CChatList,CChatList
CColorSet,CColorSet
CColorSwitch,CColorSwitch
CDSAnim,CDSAnim
CDSApiException,CDSApiException
CDSApp,CDSApp
CDSAudioBank,CDSAudioBank
CDSAudioBankSample,CDSAudioBankSample
CDSAudioPlayer,CDSAudioPlayer
CDSAudioVideoPlayer,CDSAudioVideoPlayer
CDSBackBuffer,CDSBackBuffer
CDSBitmap,CDSBitmap
CDSBmpImage,CDSBmpImage
CDSChain,CDSChain
CDSChained,CDSChained
CDSCollection,CDSCollection
CDSDirectPlay,CDSDirectPlay
CDSDirectPlaySender,CDSDirectPlaySender
CDSDirectSound,CDSDirectSound
CDSDirectXException,CDSDirectXException
CDSDsmFile,CDSDsmFile
CDSEasyMemStream,CDSEasyMemStream
CDSException,CDSException
CDSFileStream,CDSFileStream
CDSFilterStream,CDSFilterStream
CDSFlxFile,CDSFlxFile
CDSFont,CDSFont
CDSGZipStream,CDSGZipStream
CDSGZipStreamData,CDSGZipStreamData
CDSImage,CDSImage
CDSImageMouse,CDSImageMouse
CDSJpegImage,CDSJpegImage
CDSMemQueue,CDSMemQueue
CDSMemoryException,CDSMemoryException
CDSMouse,CDSMouse
CDSMpx,CDSMpx
CDSMpxDecoder,CDSMpxDecoder
CDSMpxStream,CDSMpxStream
CDSObject,CDSObject
CDSQueueStream,CDSQueueStream
CDSRegKeyException,CDSRegKeyException
CDSResInfo,CDSResInfo
CDSResourceException,CDSResourceException
CDSResourceSign,CDSResourceSign
CDSSafeStream,CDSSafeStream
CDSSafeStreamInfo,CDSSafeStreamInfo
CDSScript,CDSScript
CDSSimpleException,CDSSimpleException
CDSStaticTexts,CDSStaticTexts
CDSStreamException,CDSStreamException
CDSStreamStorage,CDSStreamStorage
CDSStrmResInfo,CDSStrmResInfo
CDSStrmStgLoadingInfo,CDSStrmStgLoadingInfo
CDSUpdatedItem,CDSUpdatedItem
CDSVideoPlayer,CDSVideoPlayer
CDSView,CDSView
CDSWav,CDSWav
CDSWavStream,CDSWavStream
CDSWorkingThread,CDSWorkingThread
CDeath,CDeath
CDeath2,CDeath2
CDirectKeyb,CDirectKeyb
CEdit,CEdit
CExitDlg,CExitDlg
CExplosion,CExplosion
CGame,CGame
CGameCounter,CGameCounter
CGameTypeDlg,CGameTypeDlg
CGameView,CGameView
CGaming,CGaming
CGunMouse,CGunMouse
CHelpDlg,CHelpDlg
CHelpHistoryScript,CHelpHistoryScript
CHelpScript,CHelpScript
CHelpView,CHelpView
CHistoryDlg,CHistoryDlg
CHistoryScript,CHistoryScript
CHistoryView,CHistoryView
CIcon,CIcon
CItemInfo,CItemInfo
CKeybShow,CKeybShow
CLevelList,CLevelList
CLevelScore,CLevelScore
CLevelScript,CLevelScript
CListBox,CListBox::CListBox
CListBoxItem,CListBoxItem
CListViewer,CListViewer
CLoadingLevel,CLoadingLevel
CMenu,CMenu
CMina,CMina
CMovieView,CMovieView
CMsgDialog,CMsgDialog
CNumCounter,CNumCounter
CNumEdit,CNumEdit
CObstacle,CObstacle
CPanel,CPanel
CPauseDlg,CPauseDlg
CPoem,CPoem
CPoemScroller,CPoemScroller
CProgressBar,CProgressBar
CRadio,CRadio
CRuch,CRuch
CScore,CScore
CScoreItem,CScoreItem
CScrollBar,CScrollBar
CScroller,CScroller
CSessionItem,CSessionItem
CSessionList,CSessionList
CSetupDlg,CSetupDlg
CShot,CShot
CShotCounter,CShotCounter
CSpells,CSpells
CStartGame1,CStartGame1
CStartGame2,CStartGame2
CStaticText,CStaticText
CSwitch,CSwitch
CTcpIpConfig,CTcpIpConfig
CTeleportPoint,CTeleportPoint
CVolume,CVolume
CWeapon,CWeapon
CWindow,CWindow
ODSImage,ODSImage
Runtime,Runtime::MSVCRT
_Globals,_Globals
_LocaleUpdate,_LocaleUpdate
exception,exception
std,std::bad_alloc,std::bad_exception,std::exception
type_info,type_info
zlib,zlib
