class_name,vftable_addr,obj_offset,role,slots,purecall_slots,slot0,slot1,slot2,key_methods,notes
CDSApp,0048700c,0,primary,34,,CDSApp_GetClassTable,CDSApp_DtorScalar,CDSApp_dtor,,g_pCDSApp_vftable; COL@00487008; documented in app_shell.md
CAdvertising,0x004817b8,,IDSChained,5,0,FUN_004034d0,FUN_0040e760,FUN_0040e770,[0]=FUN_004034d0; [1]=FUN_0040e760; [2]=FUN_0040e770; [3]=deleting_destructor_thunk_0x70; [4]=OnTimerTick,
CAdvertising,0x004817d0,,IDSEventHandler,4,0,FUN_00402890,FUN_004049d0,FUN_00423db0,[0]=FUN_00402890; [1]=FUN_004049d0; [2]=FUN_00423db0; [3]=deleting_destructor_thunk_0x18,
CAdvertising,0x004817e4,,IDSChained,5,0,FUN_00402880,FUN_004049c0,FUN_004034a0,[0]=FUN_00402880; [1]=FUN_004049c0; [2]=FUN_004034a0; [3]=deleting_destructor_thunk_0x10; [4]=CDSView_DispatchEvent,
CAdvertising,0x004817fc,,IDSChained,6,0,FUN_004011f0,FUN_0042ac90,FUN_0041aa40,[0]=FUN_004011f0; [1]=FUN_0042ac90; [2]=FUN_0041aa40; [3]=deleting_destructor_thunk_0x4; [4]=CDSView_NoOpStub; [5]=CDSView_NoOpStub,
CAdvertising,0x0048181c,0x0,primary,28,0,GetClassId,deleting_destructor,CDSObject_ReleaseViaVtable,[0]=GetClassId; [1]=deleting_destructor; [2]=CDSObject_ReleaseViaVtable; [3]=CDSView_GetDataSize; [4]=CDSView_SaveData; [5]=CDSView_LoadData,
CAnim,0x00481ff4,,IDSEventHandler,4,0,GetTypeInfo_Sub78,FUN_0041ab40,FUN_00419930,[0]=GetTypeInfo_Sub78; [1]=FUN_0041ab40; [2]=FUN_00419930; [3]=FUN_00419b20,
CAnim,0x00482008,,IDSChained,5,0,IDSAnim_NotifyEvents,IDSAnim_BindUserData,IDSAnim_SetSequence_thunk,[0]=IDSAnim_NotifyEvents; [1]=IDSAnim_BindUserData; [2]=IDSAnim_SetSequence_thunk; [3]=CDSView_EmptyHook27; [4]=FUN_00419280,
CAnim,0x00482020,,IDSEventHandler,4,0,GetTypeInfo_Sub68,FUN_0041a980,FUN_00418ed0,[0]=GetTypeInfo_Sub68; [1]=FUN_0041a980; [2]=FUN_00418ed0; [3]=FUN_00419b30,
CAnim,0x00482034,,IDSEventHandler,4,0,FUN_00402890,FUN_004049d0,FUN_00423db0,[0]=FUN_00402890; [1]=FUN_004049d0; [2]=FUN_00423db0; [3]=FUN_00419b10,
CAnim,0x00482048,,IDSChained,5,0,FUN_00402880,FUN_004049c0,FUN_004034a0,[0]=FUN_00402880; [1]=FUN_004049c0; [2]=FUN_004034a0; [3]=FUN_0041ab30; [4]=CDSView_DispatchEvent,
CAnim,0x00482060,,IDSChained,6,0,FUN_004011f0,FUN_0042ac90,FUN_0041aa40,[0]=FUN_004011f0; [1]=FUN_0042ac90; [2]=FUN_0041aa40; [3]=FUN_00419a90; [4]=CDSView_NoOpStub; [5]=CDSView_NoOpStub,
CAnim,0x0048207c,0x0,primary,31,0,FUN_00419920,FUN_0041ab50,CDSObject_ReleaseViaVtable,[0]=FUN_00419920; [1]=FUN_0041ab50; [2]=CDSObject_ReleaseViaVtable; [3]=CDSView_GetDataSize; [4]=CDSView_SaveData; [5]=CDSView_LoadData,
CBitmap,0x00481f00,0x10,IDSEventHandler,5,0,IDSAnim_NotifyEvents,IDSAnim_BindUserData,IDSAnim_SetSequence_thunk,[0]=IDSAnim_NotifyEvents; [1]=IDSAnim_BindUserData; [2]=IDSAnim_SetSequence_thunk; [3]=CDSView_EmptyHook27; [4]=FUN_00419280,
CBitmap,0x00481f18,0x18,IDSReferenced,4,0,GetTypeInfo_Sub68,FUN_0041a980,FUN_00418ed0,[0]=GetTypeInfo_Sub68; [1]=FUN_0041a980; [2]=FUN_00418ed0; [3]=FUN_00419170,
CBitmap,0x00481f2c,0x22,IDSEventHandler,4,0,FUN_00402890,FUN_004049d0,FUN_00423db0,[0]=FUN_00402890; [1]=FUN_004049d0; [2]=FUN_00423db0; [3]=FUN_00419190,
CBitmap,0x00481f40,0x8c,IDSChained,5,0,FUN_00402880,FUN_004049c0,FUN_004034a0,[0]=FUN_00402880; [1]=FUN_004049c0; [2]=FUN_004034a0; [3]=FUN_00419180; [4]=CDSView_DispatchEvent,
CBitmap,0x00481f58,,IDSChained,6,0,FUN_004011f0,FUN_0042ac90,FUN_0041aa40,[0]=FUN_004011f0; [1]=FUN_0042ac90; [2]=FUN_0041aa40; [3]=FUN_00419160; [4]=CDSView_NoOpStub; [5]=CDSView_NoOpStub,
CBitmap,0x00481f74,0x0,primary,31,0,FUN_00419120,FUN_00419140,CDSObject_ReleaseViaVtable,[0]=FUN_00419120; [1]=FUN_00419140; [2]=CDSObject_ReleaseViaVtable; [3]=CDSView_GetDataSize; [4]=CDSView_SaveData; [5]=CDSView_LoadData,
CBlackView,0x0047fab8,0x10,IDSEventHandler,4,0,FUN_00402890,FUN_004049d0,FUN_00423db0,[0]=FUN_00402890; [1]=FUN_004049d0; [2]=FUN_00423db0; [3]=FUN_00421910,
CBlackView,0x0047facc,0x18,IDSReferenced,5,0,FUN_00402880,FUN_004049c0,FUN_004034a0,[0]=FUN_00402880; [1]=FUN_004049c0; [2]=FUN_004034a0; [3]=FUN_0040ad90; [4]=CDSView_DispatchEvent,
CBlackView,0x0047fae4,,IDSChained,6,0,FUN_004011f0,FUN_0042ac90,FUN_0041aa40,[0]=FUN_004011f0; [1]=FUN_0042ac90; [2]=FUN_0041aa40; [3]=FUN_00416f40; [4]=CDSView_NoOpStub; [5]=CDSView_NoOpStub,
CBlackView,0x0047fb04,0x0,primary,28,0,GetClassTable,CDSView_DtorScalar,CDSObject_ReleaseViaVtable,[0]=GetClassTable; [1]=CDSView_DtorScalar; [2]=CDSObject_ReleaseViaVtable; [3]=CDSView_GetDataSize; [4]=CDSView_SaveData; [5]=CDSView_LoadData,
CBulAnim,0x00480988,,IDSEventHandler,4,0,GetTypeInfo_Sub78,Sub78ChainOp_thunk,Sub78_CDSObjectAdjust_thunk,[0]=GetTypeInfo_Sub78; [1]=Sub78ChainOp_thunk; [2]=Sub78_CDSObjectAdjust_thunk; [3]=Sub78Dtor_thunk,
CBulAnim,0x0048099c,,IDSChained,5,0,IDSAnim_NotifyEvents,IDSAnim_BindUserData,IDSAnim_SetSequence_thunk,[0]=IDSAnim_NotifyEvents; [1]=IDSAnim_BindUserData; [2]=IDSAnim_SetSequence_thunk; [3]=CDSView_EmptyHook27; [4]=IDSAnim_SelectRandomTrack,
CBulAnim,0x004809b4,,IDSEventHandler,4,0,GetTypeInfo_Sub68,FUN_00404de0,FUN_004229a0,[0]=GetTypeInfo_Sub68; [1]=FUN_00404de0; [2]=FUN_004229a0; [3]=Sub68Dtor_thunk,
CBulAnim,0x004809c8,,IDSEventHandler,4,0,FUN_00402890,FUN_004049d0,FUN_00423db0,[0]=FUN_00402890; [1]=FUN_004049d0; [2]=FUN_00423db0; [3]=Sub18Dtor_thunk,
CBulAnim,0x004809dc,,IDSChained,5,0,FUN_00402880,FUN_004049c0,FUN_004034a0,[0]=FUN_00402880; [1]=FUN_004049c0; [2]=FUN_004034a0; [3]=Sub10Dtor_thunk; [4]=CDSView_DispatchEvent,
CBulAnim,0x004809f4,,IDSChained,6,0,FUN_004011f0,FUN_0042ac90,FUN_0041aa40,[0]=FUN_004011f0; [1]=FUN_0042ac90; [2]=FUN_0041aa40; [3]=Sub04Dtor_thunk; [4]=CDSView_NoOpStub; [5]=CDSView_NoOpStub,
CBulAnim,0x00480a14,0x0,primary,28,0,PrimaryDtor_thunk,ScalarDeletingDtor,CDSObject_ReleaseViaVtable,[0]=PrimaryDtor_thunk; [1]=ScalarDeletingDtor; [2]=CDSObject_ReleaseViaVtable; [3]=CDSView_GetDataSize; [4]=CDSView_SaveData; [5]=CDSView_LoadData,
CBulPicture,0x00480a88,0x10,IDSEventHandler,4,0,FUN_00402890,FUN_004049d0,FUN_00423db0,[0]=FUN_00402890; [1]=FUN_004049d0; [2]=FUN_00423db0; [3]=FUN_0040b8c0,
CBulPicture,0x00480a9c,0x18,IDSReferenced,5,0,FUN_00402880,FUN_004049c0,FUN_004034a0,[0]=FUN_00402880; [1]=FUN_004049c0; [2]=FUN_004034a0; [3]=FUN_0040b8e0; [4]=CDSView_DispatchEvent,
CBulPicture,0x00480ab4,,IDSChained,6,0,FUN_004011f0,FUN_0042ac90,FUN_0041aa40,[0]=FUN_004011f0; [1]=FUN_0042ac90; [2]=FUN_0041aa40; [3]=FUN_0040b8d0; [4]=CDSView_NoOpStub; [5]=CDSView_NoOpStub,
CBulPicture,0x00480ad4,0x0,primary,28,0,FUN_0040b8b0,FUN_0040ebd0,CDSObject_ReleaseViaVtable,[0]=FUN_0040b8b0; [1]=FUN_0040ebd0; [2]=CDSObject_ReleaseViaVtable; [3]=CDSView_GetDataSize; [4]=CDSView_SaveData; [5]=CDSView_LoadData,
CBulanci,0x0047f7ec,,IDSEventHandler,4,0,FUN_00402890,FUN_004049d0,CBulanci_EventHandlerDtorBody,[0]=FUN_00402890; [1]=FUN_004049d0; [2]=CBulanci_EventHandlerDtorBody; [3]=FUN_00402870,
CBulanci,0x0047f800,,IDSChained,5,0,FUN_00402880,FUN_004049c0,CBulanci_ReferencedDtorBody,[0]=FUN_00402880; [1]=FUN_004049c0; [2]=CBulanci_ReferencedDtorBody; [3]=FUN_00402860; [4]=CDSApp_DispatchInputEvent,
CBulanci,0x0047f818,,IDSChained,6,0,FUN_004011f0,FUN_0042ac90,CBulanci_ChainDtorBody,[0]=FUN_004011f0; [1]=FUN_0042ac90; [2]=CBulanci_ChainDtorBody; [3]=FUN_00402850; [4]=CDSView_NoOpStub; [5]=CDSView_NoOpStub,
CBulanci,0x0047f834,0x0,primary,34,0,CBulanci_GetAppDescriptor,CBulanci_DtorScalar,CBulanci_dtor,[0]=CBulanci_GetAppDescriptor; [1]=CBulanci_DtorScalar; [2]=CBulanci_dtor; [3]=CDSView_GetDataSize; [4]=CDSView_SaveData; [5]=CDSView_LoadData,
CBulanek,0x00481ddc,0x10,IDSEventHandler,5,0,FUN_0041b180,FUN_004178d0,CDSView_OnMouseStub,[0]=FUN_0041b180; [1]=FUN_004178d0; [2]=CDSView_OnMouseStub; [3]=FUN_004178f0; [4]=CDSView_OnMouseStub,
CBulanek,0x00481df4,0x18,IDSReferenced,5,0,FUN_004034d0,FUN_0041a980,FUN_00418ed0,[0]=FUN_004034d0; [1]=FUN_0041a980; [2]=FUN_00418ed0; [3]=FUN_00418ea0; [4]=FUN_00420b30,
CBulanek,0x00481e0c,0x88,IDSEventHandler,4,0,FUN_00402890,FUN_004049d0,FUN_00423db0,[0]=FUN_00402890; [1]=FUN_004049d0; [2]=FUN_00423db0; [3]=FUN_00418ec0,
CBulanek,0x00481e20,0xa0,IDSChained,5,0,FUN_00402880,FUN_004049c0,FUN_004034a0,[0]=FUN_00402880; [1]=FUN_004049c0; [2]=FUN_004034a0; [3]=FUN_00418eb0; [4]=CDSView_DispatchEvent,
CBulanek,0x00481e38,,IDSChained,6,0,FUN_004011f0,FUN_0042ac90,FUN_0041aa40,[0]=FUN_004011f0; [1]=FUN_0042ac90; [2]=FUN_0041aa40; [3]=FUN_00418ee0; [4]=CDSView_NoOpStub; [5]=CDSView_NoOpStub,
CBulanek,0x00481e54,0x0,primary,31,0,FUN_00418e90,FUN_0041bc20,CDSObject_ReleaseViaVtable,[0]=FUN_00418e90; [1]=FUN_0041bc20; [2]=CDSObject_ReleaseViaVtable; [3]=CDSView_GetDataSize; [4]=CDSView_SaveData; [5]=CDSView_LoadData,
CButton,0x0047fe90,,IDSEventHandler,4,0,FUN_00402890,FUN_004049d0,FUN_00423db0,[0]=FUN_00402890; [1]=FUN_004049d0; [2]=FUN_00423db0; [3]=CButton_AdjustorThunk18_Dtor,
CButton,0x0047fea4,,IDSChained,5,0,FUN_00402880,FUN_004049c0,FUN_004034a0,[0]=FUN_00402880; [1]=FUN_004049c0; [2]=FUN_004034a0; [3]=CButton_AdjustorThunk10_Dtor; [4]=CDSView_DispatchEvent,
CButton,0x0047febc,,IDSChained,6,0,FUN_004011f0,FUN_0042ac90,FUN_0041aa40,[0]=FUN_004011f0; [1]=FUN_0042ac90; [2]=FUN_0041aa40; [3]=CButton_AdjustorThunk04_Dtor; [4]=CDSView_NoOpStub; [5]=CDSView_NoOpStub,
CButton,0x0047fedc,0x0,primary,28,0,CButton_GetTypeDescriptor,CButton_vDtor,CDSObject_ReleaseViaVtable,[0]=CButton_GetTypeDescriptor; [1]=CButton_vDtor; [2]=CDSObject_ReleaseViaVtable; [3]=CDSView_GetDataSize; [4]=CDSView_SaveData; [5]=CDSView_LoadData,
CChatEdit,0x00480c08,,IDSChained,5,0,FUN_004034d0,FUN_00404de0,FUN_004229a0,[0]=FUN_004034d0; [1]=FUN_00404de0; [2]=FUN_004229a0; [3]=CEdit_AdjustorThunk04_Dtor; [4]=CEdit_GetTextLength,
CChatEdit,0x00480c20,,IDSEventHandler,4,0,FUN_00402890,FUN_004049d0,FUN_00423db0,[0]=FUN_00402890; [1]=FUN_004049d0; [2]=FUN_00423db0; [3]=CEdit_AdjustorThunk18_Dtor,
CChatEdit,0x00480c34,,IDSChained,5,0,FUN_00402880,FUN_004049c0,FUN_004034a0,[0]=FUN_00402880; [1]=FUN_004049c0; [2]=FUN_004034a0; [3]=FUN_0040ba00; [4]=CDSView_DispatchEvent,
CChatEdit,0x00480c4c,,IDSChained,6,0,FUN_004011f0,FUN_0042ac90,FUN_0041aa40,[0]=FUN_004011f0; [1]=FUN_0042ac90; [2]=FUN_0041aa40; [3]=CEdit_AdjustorThunk10_Dtor; [4]=CDSView_NoOpStub; [5]=CDSView_NoOpStub,
CChatEdit,0x00480c6c,0x0,primary,30,0,CChatEdit_GetTypeDescriptor,CEdit_vDtor,CDSObject_ReleaseViaVtable,[0]=CChatEdit_GetTypeDescriptor; [1]=CEdit_vDtor; [2]=CDSObject_ReleaseViaVtable; [3]=CEdit_GetDataSize; [4]=CEdit_SaveData; [5]=CEdit_LoadData,
CChatList,0x004813ec,,IDSChained,5,0,FUN_004034d0,FUN_00404de0,FUN_004229a0,[0]=FUN_004034d0; [1]=FUN_00404de0; [2]=FUN_004229a0; [3]=FUN_0040b130; [4]=FUN_00403120,
CChatList,0x00481404,,IDSEventHandler,4,0,FUN_00402890,FUN_004049d0,FUN_00423db0,[0]=FUN_00402890; [1]=FUN_004049d0; [2]=FUN_00423db0; [3]=FUN_004082b0,
CChatList,0x00481418,,IDSChained,5,0,FUN_00402880,FUN_004049c0,FUN_004034a0,[0]=FUN_00402880; [1]=FUN_004049c0; [2]=FUN_004034a0; [3]=FUN_004082a0; [4]=CDSView_DispatchEvent,
CChatList,0x00481430,,IDSChained,6,0,FUN_004011f0,FUN_0042ac90,FUN_0041aa40,[0]=FUN_004011f0; [1]=FUN_0042ac90; [2]=FUN_0041aa40; [3]=FUN_0040d0a0; [4]=CDSView_NoOpStub; [5]=CDSView_NoOpStub,
CChatList,0x0048144c,0x0,primary,30,0,CChatList_GetTypeDescriptor,CListBox_vDtor,CDSObject_ReleaseViaVtable,[0]=CChatList_GetTypeDescriptor; [1]=CListBox_vDtor; [2]=CDSObject_ReleaseViaVtable; [3]=CDSView_GetDataSize; [4]=CDSView_SaveData; [5]=CDSView_LoadData,
CColorSet,0x004808cc,0x10,IDSEventHandler,4,0,FUN_00402890,FUN_004049d0,FUN_00423db0,[0]=FUN_00402890; [1]=FUN_004049d0; [2]=FUN_00423db0; [3]=FUN_0040b7a0,
CColorSet,0x004808e0,0x18,IDSReferenced,5,0,FUN_00402880,FUN_004049c0,FUN_004034a0,[0]=FUN_00402880; [1]=FUN_004049c0; [2]=FUN_004034a0; [3]=FUN_0040b790; [4]=CDSView_DispatchEvent,
CColorSet,0x004808f8,,IDSChained,6,0,FUN_004011f0,FUN_0042ac90,FUN_0041aa40,[0]=FUN_004011f0; [1]=FUN_0042ac90; [2]=FUN_0041aa40; [3]=FUN_0040b7b0; [4]=CDSView_NoOpStub; [5]=CDSView_NoOpStub,
CColorSet,0x00480914,0x0,primary,28,0,FUN_0040b780,FUN_0040ea80,CDSObject_ReleaseViaVtable,[0]=FUN_0040b780; [1]=FUN_0040ea80; [2]=CDSObject_ReleaseViaVtable; [3]=CRadio_GetDataSize; [4]=CRadio_SaveData; [5]=FUN_0040ccc0,
CColorSwitch,0x00480b48,,IDSEventHandler,4,0,FUN_00402890,FUN_004049d0,FUN_00423db0,[0]=FUN_00402890; [1]=FUN_004049d0; [2]=FUN_00423db0; [3]=CColorSwitch_AdjustorThunk10_Dtor,
CColorSwitch,0x00480b5c,,IDSChained,5,0,FUN_00402880,FUN_004049c0,FUN_004034a0,[0]=FUN_00402880; [1]=FUN_004049c0; [2]=FUN_004034a0; [3]=CColorSwitch_AdjustorThunk04_Dtor; [4]=CDSView_DispatchEvent,
CColorSwitch,0x00480b74,,IDSChained,6,0,FUN_004011f0,FUN_0042ac90,FUN_0041aa40,[0]=FUN_004011f0; [1]=FUN_0042ac90; [2]=FUN_0041aa40; [3]=CColorSwitch_AdjustorThunk18_Dtor; [4]=CDSView_NoOpStub; [5]=CDSView_NoOpStub,
CColorSwitch,0x00480b94,0x0,primary,28,0,CColorSwitch_GetTypeDescriptor,CColorSwitch_vDtor,CDSObject_ReleaseViaVtable,[0]=CColorSwitch_GetTypeDescriptor; [1]=CColorSwitch_vDtor; [2]=CDSObject_ReleaseViaVtable; [3]=CRadio_GetDataSize; [4]=CRadio_SaveData; [5]=CColorSwitch_SetSelectedFromPtr,
CDSAnim,0x00487674,,IDSEventHandler,4,0,GetTypeInfo_Sub78,Sub78ChainOp_thunk,Sub78_CDSObjectAdjust_thunk,[0]=GetTypeInfo_Sub78; [1]=Sub78ChainOp_thunk; [2]=Sub78_CDSObjectAdjust_thunk; [3]=Sub78Dtor_thunk,
CDSAnim,0x00487688,,IDSChained,5,0,IDSAnim_NotifyEvents,IDSAnim_BindUserData,IDSAnim_SetSequence_thunk,[0]=IDSAnim_NotifyEvents; [1]=IDSAnim_BindUserData; [2]=IDSAnim_SetSequence_thunk; [3]=CDSView_EmptyHook27; [4]=IDSAnim_SelectRandomTrack,
CDSAnim,0x004876a0,,IDSEventHandler,4,0,GetTypeInfo_Sub68,FUN_00404de0,FUN_004229a0,[0]=GetTypeInfo_Sub68; [1]=FUN_00404de0; [2]=FUN_004229a0; [3]=Sub68Dtor_thunk,
CDSAnim,0x004876b4,,IDSEventHandler,4,0,FUN_00402890,FUN_004049d0,FUN_00423db0,[0]=FUN_00402890; [1]=FUN_004049d0; [2]=FUN_00423db0; [3]=Sub18Dtor_thunk,
CDSAnim,0x004876c8,,IDSChained,5,0,FUN_00402880,FUN_004049c0,FUN_004034a0,[0]=FUN_00402880; [1]=FUN_004049c0; [2]=FUN_004034a0; [3]=Sub10Dtor_thunk; [4]=CDSView_DispatchEvent,
CDSAnim,0x004876e0,,IDSChained,6,0,FUN_004011f0,FUN_0042ac90,FUN_0041aa40,[0]=FUN_004011f0; [1]=FUN_0042ac90; [2]=FUN_0041aa40; [3]=Sub04Dtor_thunk; [4]=CDSView_NoOpStub; [5]=CDSView_NoOpStub,
CDSAnim,0x004876fc,0x0,primary,28,0,GetTypeInfo,ScalarDeletingDtor,CDSObject_ReleaseViaVtable,[0]=GetTypeInfo; [1]=ScalarDeletingDtor; [2]=CDSObject_ReleaseViaVtable; [3]=CDSView_GetDataSize; [4]=CDSView_SaveData; [5]=CDSView_LoadData,
CDSApiException,0x00487564,,IDSChained,5,0,FUN_00434b00,FUN_00434e10,FUN_0042fff0,[0]=FUN_00434b00; [1]=FUN_00434e10; [2]=FUN_0042fff0; [3]=FUN_00434c70; [4]=FUN_00434b10,
CDSApp,0x00486fc0,0x10,IDSEventHandler,4,0,FUN_00402890,FUN_004049d0,CDSApp_EventHandlerDtorBody,[0]=FUN_00402890; [1]=FUN_004049d0; [2]=CDSApp_EventHandlerDtorBody; [3]=CDSApp_EventHandler_GetTypeInfo,
CDSApp,0x00486fd4,0x18,IDSReferenced,5,0,FUN_00402880,FUN_004049c0,CDSApp_ReferencedDtorBody,[0]=FUN_00402880; [1]=FUN_004049c0; [2]=CDSApp_ReferencedDtorBody; [3]=CDSApp_Referenced_GetTypeInfo; [4]=CDSApp_DispatchInputEvent,
CDSApp,0x00486fec,,IDSChained,6,0,FUN_004011f0,FUN_0042ac90,CDSApp_ChainDtorBody,[0]=FUN_004011f0; [1]=FUN_0042ac90; [2]=CDSApp_ChainDtorBody; [3]=CDSApp_Chain_GetTypeInfo; [4]=CDSView_NoOpStub; [5]=CDSView_NoOpStub,
CDSAudioBank,0x00486ea4,,IDSChained,6,0,FUN_004011f0,FUN_00429300,FUN_00409970,[0]=FUN_004011f0; [1]=FUN_00429300; [2]=FUN_00409970; [3]=FUN_00429320; [4]=FUN_00429600; [5]=CDSView_NoOpStub,
CDSAudioBank,0x00486ec0,,IDSChained,5,0,GetResourceName,FUN_00409450,FUN_00409490,[0]=GetResourceName; [1]=FUN_00409450; [2]=FUN_00409490; [3]=FUN_00429310; [4]=AlwaysReturnsZero,
CDSAudioBank,0x00486ed8,,IDSEventHandler,4,0,FUN_00401600,FUN_0042ac90,FUN_00409260,[0]=FUN_00401600; [1]=FUN_0042ac90; [2]=FUN_00409260; [3]=FUN_00429330,
CDSAudioBank,0x00486eec,,IDSReferenced,3,0,FUN_004292f0,FUN_004294b0,FUN_00401660,[0]=FUN_004292f0; [1]=FUN_004294b0; [2]=FUN_00401660,
CDSAudioBankSample,0x00486efc,0x18,IDSReferenced,4,0,FUN_00401600,FUN_004049d0,FUN_00433070,[0]=FUN_00401600; [1]=FUN_004049d0; [2]=FUN_00433070; [3]=FUN_00429360,
CDSAudioBankSample,0x00486f10,,face_8slots,8,0,FUN_0041a510,FUN_0042ac90,FUN_004330a0,[0]=FUN_0041a510; [1]=FUN_0042ac90; [2]=FUN_004330a0; [3]=FUN_00429350; [4]=CDSApp_PreCreateHook; [5]=FUN_0043b950,
CDSAudioBankSample,0x00486f34,,IDSReferenced,3,0,FUN_00429340,FUN_00429510,FUN_00433040,[0]=FUN_00429340; [1]=FUN_00429510; [2]=FUN_00433040,
CDSAudioPlayer,0x00487798,,IDSEventHandler,4,0,FUN_00401600,FUN_0042ac90,FUN_00409260,[0]=FUN_00401600; [1]=FUN_0042ac90; [2]=FUN_00409260; [3]=FUN_0043a580,
CDSAudioPlayer,0x004877ac,,IDSReferenced,3,0,FUN_0043a570,FUN_0043a740,FUN_00401660,[0]=FUN_0043a570; [1]=FUN_0043a740; [2]=FUN_00401660,
CDSAudioVideoPlayer,0x0048948c,,IDSEventHandler,4,0,FUN_0043bc90,FUN_0043bd40,CDSObject_ReleaseViaVtable,[0]=FUN_0043bc90; [1]=FUN_0043bd40; [2]=CDSObject_ReleaseViaVtable; [3]=FUN_00434b10,
CDSBackBuffer,0x00486f9c,0x7c,IDSEventHandler,4,0,FUN_004255e0,FUN_0042ac90,FUN_0041aa40,[0]=FUN_004255e0; [1]=FUN_0042ac90; [2]=FUN_0041aa40; [3]=CDSBackBuffer_OnEvent,
CDSBackBuffer,0x00486fb0,0x80,IDSReferenced,3,0,CDSBackBuffer_GetClassTable,CDSBackBuffer_DtorScalar,CDSObject_ReleaseViaVtable,[0]=CDSBackBuffer_GetClassTable; [1]=CDSBackBuffer_DtorScalar; [2]=CDSObject_ReleaseViaVtable,
CDSBitmap,0x004830e0,0x1a,IDSChained,5,0,IDSAnim_NotifyEvents,IDSAnim_BindUserData,IDSAnim_SetSequence_thunk,[0]=IDSAnim_NotifyEvents; [1]=IDSAnim_BindUserData; [2]=IDSAnim_SetSequence_thunk; [3]=CDSView_EmptyHook27; [4]=CDSView_OnMouseStub,
CDSBitmap,0x004830f8,,IDSEventHandler,4,0,GetTypeInfo_Sub68,FUN_00404de0,FUN_004229a0,[0]=GetTypeInfo_Sub68; [1]=FUN_00404de0; [2]=FUN_004229a0; [3]=FUN_004274d0,
CDSBitmap,0x0048310c,,IDSEventHandler,4,0,FUN_00402890,FUN_004049d0,FUN_00423db0,[0]=FUN_00402890; [1]=FUN_004049d0; [2]=FUN_00423db0; [3]=FUN_004274c0,
CDSBitmap,0x00483120,,IDSChained,5,0,FUN_00402880,FUN_004049c0,FUN_004034a0,[0]=FUN_00402880; [1]=FUN_004049c0; [2]=FUN_004034a0; [3]=FUN_004274e0; [4]=CDSView_DispatchEvent,
CDSBitmap,0x00483138,,IDSChained,6,0,FUN_004011f0,FUN_0042ac90,FUN_0041aa40,[0]=FUN_004011f0; [1]=FUN_0042ac90; [2]=FUN_0041aa40; [3]=FUN_00422990; [4]=CDSView_NoOpStub; [5]=CDSView_NoOpStub,
CDSBitmap,0x00483154,0x0,primary,28,0,FUN_00422980,FUN_004274f0,CDSObject_ReleaseViaVtable,[0]=FUN_00422980; [1]=FUN_004274f0; [2]=CDSObject_ReleaseViaVtable; [3]=CDSView_GetDataSize; [4]=CDSView_SaveData; [5]=CDSView_LoadData,
CDSBmpImage,0x004871f0,,IDSChained,5,0,GetResourceName,FUN_004322d0,FUN_00432320,[0]=GetResourceName; [1]=FUN_004322d0; [2]=FUN_00432320; [3]=CDSBmpImage_scalar_deleting_dtor_thunk_n0x58; [4]=AlwaysReturnsZero,
CDSBmpImage,0x00487208,,IDSChained,6,0,FUN_004011f0,FUN_00425600,FUN_00431dd0,[0]=FUN_004011f0; [1]=FUN_00425600; [2]=FUN_00431dd0; [3]=CDSBmpImage_scalar_deleting_dtor_thunk_n0x54; [4]=CDSBmpImage_LoadDibStream; [5]=CDSBmpImage_SaveDibStream,
CDSBmpImage,0x00487224,,IDSEventHandler,4,0,FUN_00401600,FUN_00431d90,FUN_00437550,[0]=FUN_00401600; [1]=FUN_00431d90; [2]=FUN_00437550; [3]=CDSBmpImage_scalar_deleting_dtor_thunk_n0x4c,
CDSBmpImage,0x00487238,,IDSEventHandler,4,0,FUN_004255e0,FUN_0042ac90,FUN_00431dc0,[0]=FUN_004255e0; [1]=FUN_0042ac90; [2]=FUN_00431dc0; [3]=CDSBmpImage_scalar_deleting_dtor_thunk_n0x4,
CDSBmpImage,0x0048724c,,IDSReferenced,3,0,CDSBmpImage_GetClassData,CDSBmpImage_scalar_deleting_dtor,FUN_004322f0,[0]=CDSBmpImage_GetClassData; [1]=CDSBmpImage_scalar_deleting_dtor; [2]=FUN_004322f0,
CDSChain,0x0047f6b8,0x14,IDSChained,6,0,FUN_004011f0,FUN_0042ac90,FUN_0041aa40,[0]=FUN_004011f0; [1]=FUN_0042ac90; [2]=FUN_0041aa40; [3]=CDSChain_OnChainEvent; [4]=CDSChain_Append; [5]=CDSChain_Remove,
CDSChain,0x0047f6d4,0x18,IDSReferenced,3,0,FUN_00401200,FUN_00401210,CDSObject_ReleaseViaVtable,[0]=FUN_00401200; [1]=FUN_00401210; [2]=CDSObject_ReleaseViaVtable,
CDSChained,0x0047f8e0,,IDSChained,6,0,FUN_004011f0,FUN_0042ac90,FUN_0041aa40,[0]=FUN_004011f0; [1]=FUN_0042ac90; [2]=FUN_0041aa40; [3]=FUN_00433dc0; [4]=CDSView_NoOpStub; [5]=CDSView_NoOpStub,
CDSChained,0x0047f8fc,,IDSReferenced,3,0,FUN_004032c0,FUN_00433dd0,CDSObject_ReleaseViaVtable,[0]=FUN_004032c0; [1]=FUN_00433dd0; [2]=CDSObject_ReleaseViaVtable,
CDSCollection,0x0047f6e4,0x1c,IDSChained,6,0,FUN_004011f0,FUN_0042ac90,FUN_0041aa40,[0]=FUN_004011f0; [1]=FUN_0042ac90; [2]=FUN_0041aa40; [3]=FUN_00401270; [4]=FUN_00431360; [5]=FUN_00431210,
CDSCollection,0x0047f700,0x20,IDSReferenced,3,0,FUN_00401230,FUN_00401240,CDSObject_ReleaseViaVtable,[0]=FUN_00401230; [1]=FUN_00401240; [2]=CDSObject_ReleaseViaVtable,
CDSDirectPlay,0x004877e4,,IDSEventHandler,4,0,FUN_0043b2d0,CDSDirectPlay_scalar_deleting_dtor,CDSObject_ReleaseViaVtable,[0]=FUN_0043b2d0; [1]=CDSDirectPlay_scalar_deleting_dtor; [2]=CDSObject_ReleaseViaVtable; [3]=FUN_00434b10,
CDSDirectPlaySender,0x004877bc,,IDSChained,5,0,FUN_0043b120,FUN_0042ac90,FUN_0041aa40,[0]=FUN_0043b120; [1]=FUN_0042ac90; [2]=FUN_0041aa40; [3]=FUN_0043b140; [4]=CDSDirectPlaySender_ThreadEntry,
CDSDirectPlaySender,0x004877d4,,IDSReferenced,3,0,FUN_0043b130,CDSDirectPlaySender_scalar_deleting_dtor,CDSObject_ReleaseViaVtable,[0]=FUN_0043b130; [1]=CDSDirectPlaySender_scalar_deleting_dtor; [2]=CDSObject_ReleaseViaVtable,
CDSDirectSound,0x004894cc,,IDSChained,5,0,FUN_0043b120,CDSFlxFile_Sub20ChainOp,FUN_0043ca70,[0]=FUN_0043b120; [1]=CDSFlxFile_Sub20ChainOp; [2]=FUN_0043ca70; [3]=FUN_0043ca60; [4]=FUN_0043cd00,
CDSDirectSound,0x004894e4,,IDSChained,5,0,FUN_00402880,FUN_00428e20,FUN_0043ca40,[0]=FUN_00402880; [1]=FUN_00428e20; [2]=FUN_0043ca40; [3]=FUN_0043ca80; [4]=FUN_0043cdc0,
CDSDirectSound,0x004894fc,,IDSChained,5,0,FUN_004034d0,FUN_0042ac90,FUN_0041aa40,[0]=FUN_004034d0; [1]=FUN_0042ac90; [2]=FUN_0041aa40; [3]=FUN_0043ca50; [4]=FUN_0043ccb0,
CDSDirectSound,0x00489514,,IDSReferenced,3,0,FUN_0043c8a0,FUN_0043cb00,CDSObject_ReleaseViaVtable,[0]=FUN_0043c8a0; [1]=FUN_0043cb00; [2]=CDSObject_ReleaseViaVtable,
CDSDirectXException,0x00489474,,IDSChained,5,0,FUN_0043b750,FUN_0043b930,FUN_0042fff0,[0]=FUN_0043b750; [1]=FUN_0043b930; [2]=FUN_0042fff0; [3]=FUN_0043b7c0; [4]=FUN_00434b10,
CDSDsmFile,0x00486dfc,,IDSChained,5,0,GetResourceName,FUN_00433010,FUN_00428e80,[0]=GetResourceName; [1]=FUN_00433010; [2]=FUN_00428e80; [3]=FUN_00428e00; [4]=AlwaysReturnsZero,
CDSDsmFile,0x00486e14,,IDSChained,6,0,FUN_004011f0,FUN_00428e10,FUN_00428eb0,[0]=FUN_004011f0; [1]=FUN_00428e10; [2]=FUN_00428eb0; [3]=FUN_00428de0; [4]=HandleOpenStream; [5]=CDSView_NoOpStub,
CDSDsmFile,0x00486e30,,IDSEventHandler,4,0,FUN_00401600,FUN_00428dd0,FUN_00428ea0,[0]=FUN_00401600; [1]=FUN_00428dd0; [2]=FUN_00428ea0; [3]=FUN_00428dc0,
CDSDsmFile,0x00486e44,,face_8slots,8,0,FUN_0041a510,FUN_00428e20,FUN_00428e70,[0]=FUN_0041a510; [1]=FUN_00428e20; [2]=FUN_00428e70; [3]=FUN_00428df0; [4]=CDSApp_PreCreateHook; [5]=HandleAcquireReadThunk,
CDSDsmFile,0x00486e68,,face_10slots,10,0,GetClassMetaA,FUN_0042ac90,FUN_00428e90,[0]=GetClassMetaA; [1]=FUN_0042ac90; [2]=FUN_00428e90; [3]=FUN_00428e30; [4]=CDSApp_PreCreateHook; [5]=HandleAcquireWriteThunk,
CDSDsmFile,0x00486e94,,IDSReferenced,3,0,GetClassRegistry,HandleScalarDelete,HandleRefcountRelease,[0]=GetClassRegistry; [1]=HandleScalarDelete; [2]=HandleRefcountRelease,
CDSEasyMemStream,0x004803dc,,face_15slots,15,0,FUN_00401620,FUN_00409450,FUN_00409490,[0]=FUN_00401620; [1]=FUN_00409450; [2]=FUN_00409490; [3]=FUN_00409250; [4]=ReadBytes; [5]=WriteBytes,
CDSEasyMemStream,0x0048041c,,IDSEventHandler,4,0,FUN_00401600,FUN_0042ac90,FUN_00409260,[0]=FUN_00401600; [1]=FUN_0042ac90; [2]=FUN_00409260; [3]=FUN_00409240,
CDSEasyMemStream,0x00480430,,IDSReferenced,3,0,FUN_004091f0,FUN_004092f0,FUN_00401660,[0]=FUN_004091f0; [1]=FUN_004092f0; [2]=FUN_00401660,
CDSException,0x00487520,,IDSEventHandler,4,1,FUN_00434a30,FUN_00434ae0,FUN_0042fff0,[0]=FUN_00434a30; [1]=FUN_00434ae0; [2]=FUN_0042fff0; [3]=__purecall,
CDSFileStream,0x0047f710,,IDSChained,5,0,FUN_00401610,FUN_00429300,FUN_00409970,[0]=FUN_00401610; [1]=FUN_00429300; [2]=FUN_00409970; [3]=FUN_00401690; [4]=FUN_004338d0,
CDSFileStream,0x0047f72c,,face_15slots,15,0,FUN_00401620,FUN_00409450,FUN_00409490,[0]=FUN_00401620; [1]=FUN_00409450; [2]=FUN_00409490; [3]=ScalarDeletingDtor; [4]=ReadBytes; [5]=WriteBytes,
CDSFileStream,0x0047f76c,,IDSEventHandler,4,0,FUN_00401600,FUN_0042ac90,FUN_00409260,[0]=FUN_00401600; [1]=FUN_0042ac90; [2]=FUN_00409260; [3]=FUN_004016a0,
CDSFileStream,0x0047f780,,IDSReferenced,3,0,FUN_00401630,FUN_00401770,FUN_00401660,[0]=FUN_00401630; [1]=FUN_00401770; [2]=FUN_00401660,
CDSFilterStream,0x004870e4,,IDSChained,5,0,FUN_00401610,FUN_00429300,FUN_00409970,[0]=FUN_00401610; [1]=FUN_00429300; [2]=FUN_00409970; [3]=FUN_004300a0; [4]=FUN_00430f40,
CDSFilterStream,0x004870fc,,face_15slots,15,0,FUN_00401620,FUN_00409450,FUN_00409490,[0]=FUN_00401620; [1]=FUN_00409450; [2]=FUN_00409490; [3]=FUN_004300c0; [4]=ReadBytes; [5]=WriteBytes,
CDSFilterStream,0x0048713c,,IDSEventHandler,4,0,FUN_00401600,FUN_0042ac90,FUN_00409260,[0]=FUN_00401600; [1]=FUN_0042ac90; [2]=FUN_00409260; [3]=FUN_004300b0,
CDSFilterStream,0x00487150,,IDSReferenced,3,0,FUN_00430080,FUN_00430c30,FUN_00401660,[0]=FUN_00430080; [1]=FUN_00430c30; [2]=FUN_00401660,
CDSFlxFile,0x0048725c,,IDSChained,5,0,GetResourceName,CDSFlxFile_Sub24ChainOp,CDSFlxFile_Sub28Release,[0]=GetResourceName; [1]=CDSFlxFile_Sub24ChainOp; [2]=CDSFlxFile_Sub28Release; [3]=CDSFlxFile_Sub28Dtor; [4]=AlwaysReturnsZero,
CDSFlxFile,0x00487274,,IDSChained,6,0,FUN_004011f0,CDSFlxFile_Sub20ChainOp,CDSFlxFile_Sub24Release,[0]=FUN_004011f0; [1]=CDSFlxFile_Sub20ChainOp; [2]=CDSFlxFile_Sub24Release; [3]=CDSFlxFile_Sub24Dtor; [4]=CDSFlxFile_BindStream; [5]=CDSView_NoOpStub,
CDSFlxFile,0x00487290,,IDSEventHandler,4,0,FUN_00401600,FUN_00428e20,CDSFlxFile_Sub1cRelease,[0]=FUN_00401600; [1]=FUN_00428e20; [2]=CDSFlxFile_Sub1cRelease; [3]=CDSFlxFile_Sub1cDtor,
CDSFlxFile,0x004872a4,,face_10slots,10,0,GetClassMetaA,FUN_0042ac90,CDSFlxFile_Sub04Release,[0]=GetClassMetaA; [1]=FUN_0042ac90; [2]=CDSFlxFile_Sub04Release; [3]=CDSFlxFile_Sub04Dtor; [4]=CDSFlxFile_CloseStream; [5]=FUN_0043b950,
CDSFlxFile,0x004872d0,,IDSReferenced,3,0,GetClassRegistry,ScalarDeletingDtor,ReleaseRef,[0]=GetClassRegistry; [1]=ScalarDeletingDtor; [2]=ReleaseRef,
CDSFont,0x004875c4,,IDSChained,5,0,GetResourceName,FUN_004322d0,FUN_00432320,[0]=GetResourceName; [1]=FUN_004322d0; [2]=FUN_00432320; [3]=FUN_00437530; [4]=AlwaysReturnsZero,
CDSFont,0x004875dc,,IDSChained,6,0,FUN_004011f0,FUN_00425600,FUN_00431dd0,[0]=FUN_004011f0; [1]=FUN_00425600; [2]=FUN_00431dd0; [3]=FUN_00437520; [4]=Read; [5]=ReadNoAlloc,
CDSFont,0x004875f8,,IDSEventHandler,4,0,FUN_00401600,FUN_00431d90,FUN_00437550,[0]=FUN_00401600; [1]=FUN_00431d90; [2]=FUN_00437550; [3]=FUN_00437540,
CDSFont,0x0048760c,,IDSEventHandler,4,0,FUN_004255e0,FUN_0042ac90,FUN_00431dc0,[0]=FUN_004255e0; [1]=FUN_0042ac90; [2]=FUN_00431dc0; [3]=FUN_00425610,
CDSFont,0x00487620,,IDSReferenced,3,0,FUN_00437510,FUN_004375c0,FUN_004322f0,[0]=FUN_00437510; [1]=FUN_004375c0; [2]=FUN_004322f0,
CDSGZipStream,0x0048057c,0xc,IDSChained,5,0,FUN_00401610,FUN_00429300,FUN_00409970,[0]=FUN_00401610; [1]=FUN_00429300; [2]=FUN_00409970; [3]=FUN_004099a0; [4]=FUN_00435ba0,
CDSGZipStream,0x00480594,0x14,face_15slots,15,0,FUN_00401620,FUN_00409450,FUN_00409490,[0]=FUN_00401620; [1]=FUN_00409450; [2]=FUN_00409490; [3]=FUN_00409990; [4]=ReadBytes; [5]=WriteBytes,
CDSGZipStream,0x004805d4,,IDSEventHandler,4,0,FUN_00401600,FUN_0042ac90,FUN_00409260,[0]=FUN_00401600; [1]=FUN_0042ac90; [2]=FUN_00409260; [3]=FUN_00409980,
CDSGZipStream,0x004805e8,,IDSReferenced,3,0,FUN_00409960,FUN_004099d0,FUN_00401660,[0]=FUN_00409960; [1]=FUN_004099d0; [2]=FUN_00401660,
CDSGZipStreamData,0x004875a0,,IDSEventHandler,4,0,FUN_00401600,FUN_0042ac90,FUN_00409260,[0]=FUN_00401600; [1]=FUN_0042ac90; [2]=FUN_00409260; [3]=FUN_00434fb0,
CDSGZipStreamData,0x004875b4,,IDSReferenced,3,0,FUN_00434fa0,FUN_00435030,FUN_00401660,[0]=FUN_00434fa0; [1]=FUN_00435030; [2]=FUN_00401660,
CDSImage,0x00483728,0x4c,IDSChained,5,0,GetResourceName,FUN_004322d0,FUN_00432320,[0]=GetResourceName; [1]=FUN_004322d0; [2]=FUN_00432320; [3]=FUN_00437530; [4]=AlwaysReturnsZero,
CDSImage,0x00483740,0x54,IDSChained,6,0,FUN_004011f0,FUN_00425600,FUN_00431dd0,[0]=FUN_004011f0; [1]=FUN_00425600; [2]=FUN_00431dd0; [3]=FUN_00437520; [4]=FUN_00437160; [5]=FUN_00436c60,
CDSImage,0x0048375c,0x58,IDSEventHandler,4,0,FUN_00401600,FUN_00431d90,FUN_00437550,[0]=FUN_00401600; [1]=FUN_00431d90; [2]=FUN_00437550; [3]=FUN_00437540,
CDSImage,0x00483770,,IDSEventHandler,4,0,FUN_004255e0,FUN_0042ac90,FUN_00431dc0,[0]=FUN_004255e0; [1]=FUN_0042ac90; [2]=FUN_00431dc0; [3]=FUN_00425610,
CDSImage,0x00483784,,IDSReferenced,3,0,FUN_004255f0,FUN_004375c0,FUN_004322f0,[0]=FUN_004255f0; [1]=FUN_004375c0; [2]=FUN_004322f0,
CDSImageMouse,0x00486f68,,IDSEventHandler,4,0,FUN_00401600,FUN_0042ac90,FUN_00409260,[0]=FUN_00401600; [1]=FUN_0042ac90; [2]=FUN_00409260; [3]=FUN_0042aca0,
CDSImageMouse,0x00486f7c,,IDSChained,7,0,FUN_0042ac80,FUN_0042af60,FUN_00401660,[0]=FUN_0042ac80; [1]=FUN_0042af60; [2]=FUN_00401660; [3]=CDSApp_PreCreateHook; [4]=CDSApp_PreCreateHook; [5]=FUN_0042b9a0,
CDSJpegImage,0x00487184,,IDSChained,5,0,GetResourceName,FUN_004322d0,FUN_00432320,[0]=GetResourceName; [1]=FUN_004322d0; [2]=FUN_00432320; [3]=FUN_00431db0; [4]=FUN_00431d60,
CDSJpegImage,0x0048719c,,IDSChained,6,0,FUN_004011f0,FUN_00425600,FUN_00431dd0,[0]=FUN_004011f0; [1]=FUN_00425600; [2]=FUN_00431dd0; [3]=FUN_00431da0; [4]=FUN_00431cc0; [5]=FUN_00432030,
CDSJpegImage,0x004871b8,,IDSEventHandler,4,0,FUN_00401600,FUN_00431d90,FUN_00437550,[0]=FUN_00401600; [1]=FUN_00431d90; [2]=FUN_00437550; [3]=FUN_00431d80,
CDSJpegImage,0x004871cc,,IDSEventHandler,4,0,FUN_004255e0,FUN_0042ac90,FUN_00431dc0,[0]=FUN_004255e0; [1]=FUN_0042ac90; [2]=FUN_00431dc0; [3]=FUN_00431d70,
CDSJpegImage,0x004871e0,,IDSReferenced,3,0,FUN_00431d50,FUN_00432090,FUN_004322f0,[0]=FUN_00431d50; [1]=FUN_00432090; [2]=FUN_004322f0,
CDSMemQueue,0x004894b8,,IDSEventHandler,4,0,FUN_0043c3c0,FUN_0043c570,CDSObject_ReleaseViaVtable,[0]=FUN_0043c3c0; [1]=FUN_0043c570; [2]=CDSObject_ReleaseViaVtable; [3]=FUN_00434b10,
CDSMemoryException,0x00487534,,IDSChained,5,0,FUN_00434a90,FUN_00434ae0,FUN_0042fff0,[0]=FUN_00434a90; [1]=FUN_00434ae0; [2]=FUN_0042fff0; [3]=FUN_004349c0; [4]=FUN_00434b10,
CDSMouse,0x00483548,,IDSEventHandler,4,0,FUN_00401600,FUN_0042ac90,FUN_00409260,[0]=FUN_00401600; [1]=FUN_0042ac90; [2]=FUN_00409260; [3]=FUN_00423b20,
CDSMouse,0x0048355c,,IDSChained,7,0,FUN_00423b10,FUN_00434ae0,FUN_00401660,[0]=FUN_00423b10; [1]=FUN_00434ae0; [2]=FUN_00401660; [3]=CDSApp_PreCreateHook; [4]=CDSApp_PreCreateHook; [5]=CDSApp_PreCreateHook,
CDSMpx,0x004872e0,,IDSEventHandler,4,0,FUN_00401600,FUN_004049d0,FUN_00433070,[0]=FUN_00401600; [1]=FUN_004049d0; [2]=FUN_00433070; [3]=FUN_00432f30,
CDSMpx,0x004872f4,,face_8slots,8,0,FUN_0041a510,FUN_0042ac90,FUN_004330a0,[0]=FUN_0041a510; [1]=FUN_0042ac90; [2]=FUN_004330a0; [3]=FUN_00432f20; [4]=ResolveResource; [5]=CreateFromHandle,
CDSMpx,0x00487318,,IDSReferenced,3,0,FUN_00432f10,FUN_00432fc0,FUN_00433040,[0]=FUN_00432f10; [1]=FUN_00432fc0; [2]=FUN_00433040,
CDSMpxDecoder,0x00489524,,IDSReferenced,3,0,FUN_00446930,FUN_00446ae0,CDSObject_ReleaseViaVtable,[0]=FUN_00446930; [1]=FUN_00446ae0; [2]=CDSObject_ReleaseViaVtable,
CDSMpxStream,0x00487328,,IDSChained,5,0,GetResourceName,FUN_00433010,FUN_00433090,[0]=GetResourceName; [1]=FUN_00433010; [2]=FUN_00433090; [3]=FUN_00433020; [4]=AlwaysReturnsZero,
CDSMpxStream,0x00487340,,IDSChained,6,0,FUN_004011f0,FUN_00428e10,FUN_00433080,[0]=FUN_004011f0; [1]=FUN_00428e10; [2]=FUN_00433080; [3]=FUN_00433000; [4]=LoadMpxFile; [5]=SaveMpxFile,
CDSMpxStream,0x0048735c,,IDSEventHandler,4,0,FUN_00401600,FUN_004049d0,FUN_00433070,[0]=FUN_00401600; [1]=FUN_004049d0; [2]=FUN_00433070; [3]=FUN_00432ff0,
CDSMpxStream,0x00487370,,face_8slots,8,0,FUN_0041a510,FUN_0042ac90,FUN_004330a0,[0]=FUN_0041a510; [1]=FUN_0042ac90; [2]=FUN_004330a0; [3]=FUN_00433030; [4]=ResolveResource; [5]=CreateFromHandle,
CDSMpxStream,0x00487394,,IDSReferenced,3,0,FUN_00432fe0,FUN_00433160,FUN_00433040,[0]=FUN_00432fe0; [1]=FUN_00433160; [2]=FUN_00433040,
CDSObject,0x0047f6a8,,IDSReferenced,3,0,CDSObject_GetClassTable,FUN_00434ae0,CDSObject_ReleaseViaVtable,[0]=CDSObject_GetClassTable; [1]=FUN_00434ae0; [2]=CDSObject_ReleaseViaVtable,
CDSQueueStream,0x00486d94,0xc,IDSEventHandler,4,0,FUN_00401600,FUN_00409450,FUN_00433d60,[0]=FUN_00401600; [1]=FUN_00409450; [2]=FUN_00433d60; [3]=FUN_00428a30,
CDSQueueStream,0x00486dac,,face_15slots,15,0,FUN_00401620,FUN_0042ac90,FUN_00428d30,[0]=FUN_00401620; [1]=FUN_0042ac90; [2]=FUN_00428d30; [3]=FUN_00428a40; [4]=ReadBytes; [5]=WriteBytes,
CDSQueueStream,0x00486dec,,IDSReferenced,3,0,FUN_00428a20,FUN_00428ab0,FUN_00433c60,[0]=FUN_00428a20; [1]=FUN_00428ab0; [2]=FUN_00433c60,
CDSRegKeyException,0x00487630,,IDSChained,5,0,FUN_00437b20,FUN_00438140,FUN_0042fff0,[0]=FUN_00437b20; [1]=FUN_00438140; [2]=FUN_0042fff0; [3]=FUN_00437c40; [4]=FUN_00434b10,
CDSResInfo,0x004873b0,,IDSChained,6,0,FUN_004011f0,FUN_0042ac90,FUN_0041aa40,[0]=FUN_004011f0; [1]=FUN_0042ac90; [2]=FUN_0041aa40; [3]=FUN_00433a00; [4]=FUN_00434290; [5]=FUN_004342c0,
CDSResInfo,0x004873cc,,IDSReferenced,3,0,FUN_004339f0,FUN_00433a70,CDSObject_ReleaseViaVtable,[0]=FUN_004339f0; [1]=FUN_00433a70; [2]=CDSObject_ReleaseViaVtable,
CDSResourceException,0x004874b0,,IDSChained,5,0,FUN_00434430,FUN_004348e0,FUN_0042fff0,[0]=FUN_00434430; [1]=FUN_004348e0; [2]=FUN_0042fff0; [3]=FUN_00434350; [4]=FUN_00434b10,
CDSResourceSign,0x004874c8,,IDSEventHandler,4,0,FUN_00401600,FUN_004049c0,CDSResourceSign_Release_thunk_n0x10,[0]=FUN_00401600; [1]=FUN_004049c0; [2]=CDSResourceSign_Release_thunk_n0x10; [3]=CDSResourceSign_scalar_deleting_dtor_thunk_n0x10,
CDSResourceSign,0x004874dc,,IDSChained,5,0,GetResourceName,FUN_00434600,CDSResourceSign_Release_thunk_n0x8,[0]=GetResourceName; [1]=FUN_00434600; [2]=CDSResourceSign_Release_thunk_n0x8; [3]=CDSResourceSign_scalar_deleting_dtor_thunk_n0x8; [4]=AlwaysReturnsZero,
CDSResourceSign,0x004874f4,,IDSChained,6,0,FUN_004011f0,FUN_0042ac90,CDSResourceSign_Release_thunk_n0x4,[0]=FUN_004011f0; [1]=FUN_0042ac90; [2]=CDSResourceSign_Release_thunk_n0x4; [3]=CDSResourceSign_scalar_deleting_dtor_thunk_n0x4; [4]=CDSResourceSign_ReadFromStream; [5]=CDSResourceSign_WriteToStream,
CDSResourceSign,0x00487510,,IDSReferenced,3,0,CDSResourceSign_GetClassData,CDSResourceSign_scalar_deleting_dtor,CDSResourceSign_Release,[0]=CDSResourceSign_GetClassData; [1]=CDSResourceSign_scalar_deleting_dtor; [2]=CDSResourceSign_Release,
CDSSafeStream,0x00487408,,IDSChained,5,0,FUN_00401610,FUN_00429300,FUN_00433d70,[0]=FUN_00401610; [1]=FUN_00429300; [2]=FUN_00433d70; [3]=FUN_00433bb0; [4]=FUN_00446ca0,
CDSSafeStream,0x00487420,,IDSEventHandler,4,0,FUN_00401600,FUN_00409450,FUN_00433d60,[0]=FUN_00401600; [1]=FUN_00409450; [2]=FUN_00433d60; [3]=FUN_00433ba0,
CDSSafeStream,0x00487434,,face_15slots,15,0,FUN_00401620,FUN_0042ac90,FUN_00428d30,[0]=FUN_00401620; [1]=FUN_0042ac90; [2]=FUN_00428d30; [3]=FUN_00433b90; [4]=FUN_00446f90; [5]=FUN_00446c00,
CDSSafeStream,0x00487474,,IDSReferenced,3,0,FUN_00433b60,FUN_00433c90,FUN_00433c60,[0]=FUN_00433b60; [1]=FUN_00433c90; [2]=FUN_00433c60,
CDSSafeStreamInfo,0x00489534,,IDSChained,6,0,FUN_004011f0,FUN_0042ac90,FUN_0041aa40,[0]=FUN_004011f0; [1]=FUN_0042ac90; [2]=FUN_0041aa40; [3]=FUN_00446cc0; [4]=CDSView_NoOpStub; [5]=CDSView_NoOpStub,
CDSSafeStreamInfo,0x00489550,,IDSReferenced,3,0,FUN_00446cb0,FUN_00447080,CDSObject_ReleaseViaVtable,[0]=FUN_00446cb0; [1]=FUN_00447080; [2]=CDSObject_ReleaseViaVtable,
CDSScript,0x00487648,,IDSChained,6,0,FUN_004011f0,FUN_0042ac90,FUN_0041aa40,[0]=FUN_004011f0; [1]=FUN_0042ac90; [2]=FUN_0041aa40; [3]=FUN_004383f0; [4]=FUN_00438e40; [5]=CDSView_NoOpStub,
CDSScript,0x00487664,,IDSReferenced,3,0,FUN_004383e0,FUN_00438c90,CDSObject_ReleaseViaVtable,[0]=FUN_004383e0; [1]=FUN_00438c90; [2]=CDSObject_ReleaseViaVtable,
CDSSimpleException,0x0048754c,,IDSChained,5,0,FUN_00434ac0,FUN_00434ae0,FUN_0042fff0,[0]=FUN_00434ac0; [1]=FUN_00434ae0; [2]=FUN_0042fff0; [3]=FUN_00434ad0; [4]=FUN_00434b10,
CDSStreamException,0x004870cc,,IDSChained,5,0,FUN_0042ffe0,FUN_00430b20,FUN_0042fff0,[0]=FUN_0042ffe0; [1]=FUN_00430b20; [2]=FUN_0042fff0; [3]=FUN_00430360; [4]=FUN_00434b10,
CDSStreamStorage,0x0047f790,,IDSEventHandler,4,0,FUN_00401600,FUN_00434600,FUN_00401900,[0]=FUN_00401600; [1]=FUN_00434600; [2]=FUN_00401900; [3]=FUN_004018a0,
CDSStreamStorage,0x0047f7a4,,face_9slots,9,0,FUN_004018b0,FUN_0042ac90,FUN_004018f0,[0]=FUN_004018b0; [1]=FUN_0042ac90; [2]=FUN_004018f0; [3]=FUN_00401890; [4]=FUN_00434110; [5]=FUN_00434140,
CDSStreamStorage,0x0047f7cc,,IDSReferenced,3,0,FUN_00401850,FUN_00401870,FUN_004018c0,[0]=FUN_00401850; [1]=FUN_00401870; [2]=FUN_004018c0,
CDSStrmResInfo,0x004873dc,,IDSChained,6,0,FUN_004011f0,FUN_0042ac90,FUN_0041aa40,[0]=FUN_004011f0; [1]=FUN_0042ac90; [2]=FUN_0041aa40; [3]=FUN_00433a00; [4]=FUN_00433940; [5]=FUN_00433980,
CDSStrmResInfo,0x004873f8,,IDSReferenced,3,0,FUN_00433a90,FUN_00433a70,CDSObject_ReleaseViaVtable,[0]=FUN_00433a90; [1]=FUN_00433a70; [2]=CDSObject_ReleaseViaVtable,
CDSStrmStgLoadingInfo,0x00487484,,IDSChained,6,0,FUN_004011f0,FUN_0042ac90,FUN_0041aa40,[0]=FUN_004011f0; [1]=FUN_0042ac90; [2]=FUN_0041aa40; [3]=FUN_00433dc0; [4]=CDSView_NoOpStub; [5]=CDSView_NoOpStub,
CDSStrmStgLoadingInfo,0x004874a0,,IDSReferenced,3,0,FUN_00433db0,FUN_00433dd0,CDSObject_ReleaseViaVtable,[0]=FUN_00433db0; [1]=FUN_00433dd0; [2]=CDSObject_ReleaseViaVtable,
CDSUpdatedItem,0x004870ac,,IDSEventHandler,4,0,FUN_0042ea70,FUN_00434ae0,CDSApp_PreCreateHook,[0]=FUN_0042ea70; [1]=FUN_00434ae0; [2]=CDSApp_PreCreateHook; [3]=FUN_00434b10,
CDSVideoPlayer,0x00487770,,IDSChained,5,0,FUN_004034d0,FUN_0042ac90,FUN_0041aa40,[0]=FUN_004034d0; [1]=FUN_0042ac90; [2]=FUN_0041aa40; [3]=FUN_00439d20; [4]=FUN_00439b90,
CDSVideoPlayer,0x00487788,,IDSReferenced,3,0,FUN_00439d10,FUN_00439fc0,CDSObject_ReleaseViaVtable,[0]=FUN_00439d10; [1]=FUN_00439fc0; [2]=CDSObject_ReleaseViaVtable,
CDSView,0x0047f90c,0x10,IDSEventHandler,4,0,FUN_00402890,FUN_004049d0,FUN_00423db0,[0]=FUN_00402890; [1]=FUN_004049d0; [2]=FUN_00423db0; [3]=FUN_00421910,
CDSView,0x0047f920,0x18,IDSReferenced,5,0,FUN_00402880,FUN_004049c0,FUN_004034a0,[0]=FUN_00402880; [1]=FUN_004049c0; [2]=FUN_004034a0; [3]=FUN_0040ad90; [4]=CDSView_DispatchEvent,
CDSView,0x0047f938,,IDSChained,6,0,FUN_004011f0,FUN_0042ac90,FUN_0041aa40,[0]=FUN_004011f0; [1]=FUN_0042ac90; [2]=FUN_0041aa40; [3]=FUN_00416f40; [4]=CDSView_NoOpStub; [5]=CDSView_NoOpStub,
CDSView,0x0047f954,0x0,primary,28,0,CDSView_GetClassTable,CDSView_DtorScalar,CDSObject_ReleaseViaVtable,[0]=CDSView_GetClassTable; [1]=CDSView_DtorScalar; [2]=CDSObject_ReleaseViaVtable; [3]=CDSView_GetDataSize; [4]=CDSView_SaveData; [5]=CDSView_LoadData,
CDSWav,0x0048230c,,IDSEventHandler,4,0,FUN_00401600,FUN_004049d0,FUN_00433070,[0]=FUN_00401600; [1]=FUN_004049d0; [2]=FUN_00433070; [3]=FUN_0041a530,
CDSWav,0x00482320,,face_8slots,8,0,FUN_0041a510,FUN_0042ac90,FUN_004330a0,[0]=FUN_0041a510; [1]=FUN_0042ac90; [2]=FUN_004330a0; [3]=FUN_0041a540; [4]=FUN_0043ba30; [5]=FUN_0043b950,
CDSWav,0x00482344,,IDSReferenced,3,0,FUN_0041a520,FUN_0041bbe0,FUN_00433040,[0]=FUN_0041a520; [1]=FUN_0041bbe0; [2]=FUN_00433040,
CDSWavStream,0x00482354,,IDSChained,5,0,GetResourceName,FUN_0041a610,FUN_0041a5f0,[0]=GetResourceName; [1]=FUN_0041a610; [2]=FUN_0041a5f0; [3]=FUN_0041a620; [4]=AlwaysReturnsZero,
CDSWavStream,0x0048236c,,IDSChained,6,0,FUN_004011f0,FUN_00428dd0,FUN_0041a5e0,[0]=FUN_004011f0; [1]=FUN_00428dd0; [2]=FUN_0041a5e0; [3]=FUN_0041a600; [4]=FUN_0043bb50; [5]=FUN_0043bab0,
CDSWavStream,0x00482388,,IDSEventHandler,4,0,FUN_00401600,FUN_004049d0,FUN_00433070,[0]=FUN_00401600; [1]=FUN_004049d0; [2]=FUN_00433070; [3]=FUN_0041a630,
CDSWavStream,0x0048239c,,face_8slots,8,0,FUN_0041a510,FUN_0042ac90,FUN_004330a0,[0]=FUN_0041a510; [1]=FUN_0042ac90; [2]=FUN_004330a0; [3]=FUN_0041a5d0; [4]=FUN_0043ba30; [5]=FUN_0043b950,
CDSWavStream,0x004823c0,,IDSReferenced,3,0,FUN_0041a5c0,FUN_0041bc00,FUN_00433040,[0]=FUN_0041a5c0; [1]=FUN_0041bc00; [2]=FUN_00433040,
CDSWorkingThread,0x00489560,,IDSReferenced,3,0,CDSWorkingThread_GetClassTable,CDSWorkingThread_DtorScalar,CDSObject_ReleaseViaVtable,[0]=CDSWorkingThread_GetClassTable; [1]=CDSWorkingThread_DtorScalar; [2]=CDSObject_ReleaseViaVtable,
CDSWorkingThread,0x00489570,,IDSChained,5,0,FUN_0043b120,FUN_0042ac90,FUN_0041aa40,[0]=FUN_0043b120; [1]=FUN_0042ac90; [2]=FUN_0041aa40; [3]=CDSWorkingThread_OnChainEvent; [4]=CDSWorkingThread_OnTimer,
CDeath,0x004820fc,0x10,IDSEventHandler,4,0,GetTypeInfo_Sub78,FUN_0041ab40,FUN_00419930,[0]=GetTypeInfo_Sub78; [1]=FUN_0041ab40; [2]=FUN_00419930; [3]=FUN_00419b20,
CDeath,0x00482110,0x18,IDSReferenced,5,0,FUN_00417a40,IDSAnim_BindUserData,IDSAnim_SetSequence_thunk,[0]=FUN_00417a40; [1]=IDSAnim_BindUserData; [2]=IDSAnim_SetSequence_thunk; [3]=FUN_00417a70; [4]=FUN_00417a90,
CDeath,0x00482128,0x88,IDSEventHandler,4,0,GetTypeInfo_Sub68,FUN_0041a980,FUN_00418ed0,[0]=GetTypeInfo_Sub68; [1]=FUN_0041a980; [2]=FUN_00418ed0; [3]=FUN_00419b30,
CDeath,0x0048213c,0x8c,IDSEventHandler,4,0,FUN_00402890,FUN_004049d0,FUN_00423db0,[0]=FUN_00402890; [1]=FUN_004049d0; [2]=FUN_00423db0; [3]=FUN_00419b10,
CDeath,0x00482150,0x98,IDSChained,5,0,FUN_00402880,FUN_004049c0,FUN_004034a0,[0]=FUN_00402880; [1]=FUN_004049c0; [2]=FUN_004034a0; [3]=FUN_0041ab30; [4]=CDSView_DispatchEvent,
CDeath,0x00482168,,IDSChained,6,0,FUN_004011f0,FUN_0042ac90,FUN_0041aa40,[0]=FUN_004011f0; [1]=FUN_0042ac90; [2]=FUN_0041aa40; [3]=FUN_00419a90; [4]=CDSView_NoOpStub; [5]=CDSView_NoOpStub,
CDeath,0x00482184,0x0,primary,31,0,FUN_00419a80,FUN_0041ab50,CDSObject_ReleaseViaVtable,[0]=FUN_00419a80; [1]=FUN_0041ab50; [2]=CDSObject_ReleaseViaVtable; [3]=CDSView_GetDataSize; [4]=CDSView_SaveData; [5]=CDSView_LoadData,
CDeath2,0x00482204,0x10,IDSEventHandler,4,0,GetTypeInfo_Sub78,FUN_0041ab40,FUN_00419930,[0]=GetTypeInfo_Sub78; [1]=FUN_0041ab40; [2]=FUN_00419930; [3]=FUN_00419b20,
CDeath2,0x00482218,0x18,IDSReferenced,5,0,IDSAnim_NotifyEvents,IDSAnim_BindUserData,IDSAnim_SetSequence_thunk,[0]=IDSAnim_NotifyEvents; [1]=IDSAnim_BindUserData; [2]=IDSAnim_SetSequence_thunk; [3]=FUN_00417af0; [4]=FUN_00417b10,
CDeath2,0x00482230,0x88,IDSEventHandler,4,0,GetTypeInfo_Sub68,FUN_0041a980,FUN_00418ed0,[0]=GetTypeInfo_Sub68; [1]=FUN_0041a980; [2]=FUN_00418ed0; [3]=FUN_00419b30,
CDeath2,0x00482244,0x8c,IDSEventHandler,4,0,FUN_00402890,FUN_004049d0,FUN_00423db0,[0]=FUN_00402890; [1]=FUN_004049d0; [2]=FUN_00423db0; [3]=FUN_00419b10,
CDeath2,0x00482258,0x98,IDSChained,5,0,FUN_00402880,FUN_004049c0,FUN_004034a0,[0]=FUN_00402880; [1]=FUN_004049c0; [2]=FUN_004034a0; [3]=FUN_0041ab30; [4]=CDSView_DispatchEvent,
CDeath2,0x00482270,,IDSChained,6,0,FUN_004011f0,FUN_0042ac90,FUN_0041aa40,[0]=FUN_004011f0; [1]=FUN_0042ac90; [2]=FUN_0041aa40; [3]=FUN_00419a90; [4]=CDSView_NoOpStub; [5]=CDSView_NoOpStub,
CDeath2,0x0048228c,0x0,primary,31,0,FUN_00419b00,FUN_0041ab50,CDSObject_ReleaseViaVtable,[0]=FUN_00419b00; [1]=FUN_0041ab50; [2]=CDSObject_ReleaseViaVtable; [3]=CDSView_GetDataSize; [4]=CDSView_SaveData; [5]=CDSView_LoadData,
CDirectKeyb,0x00481a40,,IDSEventHandler,4,0,FUN_00412340,FUN_00412440,CDSObject_ReleaseViaVtable,[0]=FUN_00412340; [1]=FUN_00412440; [2]=CDSObject_ReleaseViaVtable; [3]=FUN_00434b10,
CEdit,0x0047ff64,,IDSChained,5,0,FUN_004034d0,FUN_00404de0,FUN_004229a0,[0]=FUN_004034d0; [1]=FUN_00404de0; [2]=FUN_004229a0; [3]=CEdit_AdjustorThunk04_Dtor; [4]=CEdit_GetTextLength,
CEdit,0x0047ff7c,,IDSEventHandler,4,0,FUN_00402890,FUN_004049d0,FUN_00423db0,[0]=FUN_00402890; [1]=FUN_004049d0; [2]=FUN_00423db0; [3]=CEdit_AdjustorThunk18_Dtor,
CEdit,0x0047ff90,,IDSChained,5,0,FUN_00402880,FUN_004049c0,FUN_004034a0,[0]=FUN_00402880; [1]=FUN_004049c0; [2]=FUN_004034a0; [3]=FUN_0040ba00; [4]=CDSView_DispatchEvent,
CEdit,0x0047ffa8,,IDSChained,6,0,FUN_004011f0,FUN_0042ac90,FUN_0041aa40,[0]=FUN_004011f0; [1]=FUN_0042ac90; [2]=FUN_0041aa40; [3]=CEdit_AdjustorThunk10_Dtor; [4]=CDSView_NoOpStub; [5]=CDSView_NoOpStub,
CEdit,0x0047ffc4,0x0,primary,30,0,CEdit_GetTypeDescriptor,CEdit_vDtor,CDSObject_ReleaseViaVtable,[0]=CEdit_GetTypeDescriptor; [1]=CEdit_vDtor; [2]=CDSObject_ReleaseViaVtable; [3]=CEdit_GetDataSize; [4]=CEdit_SaveData; [5]=CEdit_LoadData,
CExitDlg,0x00481980,,IDSEventHandler,4,0,FUN_00402890,FUN_004049d0,FUN_00423db0,[0]=FUN_00402890; [1]=FUN_004049d0; [2]=FUN_00423db0; [3]=FUN_0040bc10,
CExitDlg,0x00481994,,IDSChained,5,0,FUN_00402880,FUN_004049c0,FUN_004034a0,[0]=FUN_00402880; [1]=FUN_004049c0; [2]=FUN_004034a0; [3]=FUN_0040be20; [4]=CDSView_DispatchEvent,
CExitDlg,0x004819ac,,IDSChained,6,0,FUN_004011f0,FUN_0042ac90,FUN_0041aa40,[0]=FUN_004011f0; [1]=FUN_0042ac90; [2]=FUN_0041aa40; [3]=FUN_0040c540; [4]=CDSView_NoOpStub; [5]=CDSView_NoOpStub,
CExitDlg,0x004819cc,0x0,primary,28,0,FUN_00411de0,CWindow_vDtor,CDSObject_ReleaseViaVtable,[0]=FUN_00411de0; [1]=CWindow_vDtor; [2]=CDSObject_ReleaseViaVtable; [3]=CDSView_GetDataSize; [4]=CDSView_SaveData; [5]=CDSView_LoadData,
CExplosion,0x004825fc,,IDSEventHandler,4,0,GetTypeInfo_Sub78,FUN_0041ab40,FUN_00419930,[0]=GetTypeInfo_Sub78; [1]=FUN_0041ab40; [2]=FUN_00419930; [3]=FUN_00419b20,
CExplosion,0x00482610,,IDSChained,5,0,IDSAnim_NotifyEvents,IDSAnim_BindUserData,IDSAnim_SetSequence_thunk,[0]=IDSAnim_NotifyEvents; [1]=IDSAnim_BindUserData; [2]=IDSAnim_SetSequence_thunk; [3]=CDSView_EmptyHook27; [4]=OnEvent,
CExplosion,0x00482628,,IDSEventHandler,4,0,GetTypeInfo_Sub68,FUN_0041a980,FUN_00418ed0,[0]=GetTypeInfo_Sub68; [1]=FUN_0041a980; [2]=FUN_00418ed0; [3]=FUN_00419b30,
CExplosion,0x0048263c,,IDSEventHandler,4,0,FUN_00402890,FUN_004049d0,FUN_00423db0,[0]=FUN_00402890; [1]=FUN_004049d0; [2]=FUN_00423db0; [3]=FUN_00419b10,
CExplosion,0x00482650,,IDSChained,5,0,FUN_00402880,FUN_004049c0,FUN_004034a0,[0]=FUN_00402880; [1]=FUN_004049c0; [2]=FUN_004034a0; [3]=FUN_0041ab30; [4]=CDSView_DispatchEvent,
CExplosion,0x00482668,,IDSChained,6,0,FUN_004011f0,FUN_0042ac90,FUN_0041aa40,[0]=FUN_004011f0; [1]=FUN_0042ac90; [2]=FUN_0041aa40; [3]=FUN_00419a90; [4]=CDSView_NoOpStub; [5]=CDSView_NoOpStub,
CExplosion,0x00482684,0x0,primary,31,0,FUN_0041ab20,FUN_0041ab50,CDSObject_ReleaseViaVtable,[0]=FUN_0041ab20; [1]=FUN_0041ab50; [2]=CDSObject_ReleaseViaVtable; [3]=CDSView_GetDataSize; [4]=CDSView_SaveData; [5]=CDSView_LoadData,
CGame,0x00481a6c,,IDSEventHandler,4,0,FUN_00414c90,FUN_00428e20,FUN_0043ca40,[0]=FUN_00414c90; [1]=FUN_00428e20; [2]=FUN_0043ca40; [3]=FUN_00414c70,
CGame,0x00481a80,,IDSChained,5,0,FUN_004034d0,FUN_0042ac90,FUN_0041aa40,[0]=FUN_004034d0; [1]=FUN_0042ac90; [2]=FUN_0041aa40; [3]=FUN_00414c80; [4]=CGaming_SchedulerPump,
CGame,0x00481a98,,IDSReferenced,3,0,FUN_00414c60,FUN_00415f60,CDSObject_ReleaseViaVtable,[0]=FUN_00414c60; [1]=FUN_00415f60; [2]=CDSObject_ReleaseViaVtable,
CGameCounter,0x00480f40,,IDSEventHandler,4,0,FUN_00402890,FUN_004049d0,FUN_00423db0,[0]=FUN_00402890; [1]=FUN_004049d0; [2]=FUN_00423db0; [3]=DeletingDestructorThunk_18,
CGameCounter,0x00480f54,,IDSChained,5,0,FUN_00402880,FUN_004049c0,FUN_004034a0,[0]=FUN_00402880; [1]=FUN_004049c0; [2]=FUN_004034a0; [3]=DeletingDestructorThunk_10; [4]=CDSView_DispatchEvent,
CGameCounter,0x00480f6c,,IDSChained,6,0,FUN_004011f0,FUN_0042ac90,FUN_0041aa40,[0]=FUN_004011f0; [1]=FUN_0042ac90; [2]=FUN_0041aa40; [3]=DeletingDestructorThunk_4; [4]=CDSView_NoOpStub; [5]=CDSView_NoOpStub,
CGameCounter,0x00480f8c,0x0,primary,28,0,GetClassIdentifier,ScalarDeletingDestructor,CDSObject_ReleaseViaVtable,[0]=GetClassIdentifier; [1]=ScalarDeletingDestructor; [2]=CDSObject_ReleaseViaVtable; [3]=CDSView_GetDataSize; [4]=CDSView_SaveData; [5]=CDSView_LoadData,
CGameTypeDlg,0x00480e80,0x10,IDSEventHandler,4,0,FUN_00402890,FUN_004049d0,FUN_00423db0,[0]=FUN_00402890; [1]=FUN_004049d0; [2]=FUN_00423db0; [3]=FUN_0040bc10,
CGameTypeDlg,0x00480e94,0x18,IDSReferenced,5,0,FUN_00402880,FUN_004049c0,FUN_004034a0,[0]=FUN_00402880; [1]=FUN_004049c0; [2]=FUN_004034a0; [3]=FUN_0040be20; [4]=CDSView_DispatchEvent,
CGameTypeDlg,0x00480eac,,IDSChained,6,0,FUN_004011f0,FUN_0042ac90,FUN_0041aa40,[0]=FUN_004011f0; [1]=FUN_0042ac90; [2]=FUN_0041aa40; [3]=FUN_0040c540; [4]=CDSView_NoOpStub; [5]=CDSView_NoOpStub,
CGameTypeDlg,0x00480ecc,0x0,primary,28,0,FUN_0040bc00,CWindow_vDtor,CDSObject_ReleaseViaVtable,[0]=FUN_0040bc00; [1]=CWindow_vDtor; [2]=CDSObject_ReleaseViaVtable; [3]=CDSView_GetDataSize; [4]=CDSView_SaveData; [5]=CDSView_LoadData,
CGameView,0x00481acc,0x10,IDSEventHandler,4,0,FUN_00402890,FUN_004049d0,FUN_00423db0,[0]=FUN_00402890; [1]=FUN_004049d0; [2]=FUN_00423db0; [3]=FUN_00421910,
CGameView,0x00481ae0,0x18,IDSReferenced,5,0,FUN_00402880,FUN_004049c0,FUN_004034a0,[0]=FUN_00402880; [1]=FUN_004049c0; [2]=FUN_004034a0; [3]=FUN_0040ad90; [4]=CDSView_DispatchEvent,
CGameView,0x00481af8,,IDSChained,6,0,FUN_004011f0,FUN_0042ac90,FUN_0041aa40,[0]=FUN_004011f0; [1]=FUN_0042ac90; [2]=FUN_0041aa40; [3]=FUN_00416f40; [4]=CDSView_NoOpStub; [5]=CDSView_NoOpStub,
CGameView,0x00481b14,0x0,primary,31,0,FUN_00416f30,CDSView_DtorScalar,CDSObject_ReleaseViaVtable,[0]=FUN_00416f30; [1]=CDSView_DtorScalar; [2]=CDSObject_ReleaseViaVtable; [3]=CDSView_GetDataSize; [4]=CDSView_SaveData; [5]=CDSView_LoadData,
CGaming,0x00482704,0x10,IDSEventHandler,5,0,FUN_004034d0,FUN_00404de0,FUN_004229a0,[0]=FUN_004034d0; [1]=FUN_00404de0; [2]=FUN_004229a0; [3]=FUN_0041acc0; [4]=CGaming_OnSchedulerTimer,
CGaming,0x0048271c,0x18,IDSReferenced,4,0,FUN_00402890,FUN_004049d0,FUN_00423db0,[0]=FUN_00402890; [1]=FUN_004049d0; [2]=FUN_00423db0; [3]=FUN_0041ace0,
CGaming,0x00482730,0x68,IDSUpdated,5,0,FUN_00402880,FUN_004049c0,FUN_004034a0,[0]=FUN_00402880; [1]=FUN_004049c0; [2]=FUN_004034a0; [3]=FUN_0041acd0; [4]=CDSView_DispatchEvent,
CGaming,0x00482748,,IDSChained,6,0,FUN_004011f0,FUN_0042ac90,FUN_0041aa40,[0]=FUN_004011f0; [1]=FUN_0042ac90; [2]=FUN_0041aa40; [3]=FUN_0041acb0; [4]=CDSView_NoOpStub; [5]=CDSView_NoOpStub,
CGaming,0x00482764,0x0,primary,28,0,FUN_0041aca0,FUN_0041bee0,CDSObject_ReleaseViaVtable,[0]=FUN_0041aca0; [1]=FUN_0041bee0; [2]=CDSObject_ReleaseViaVtable; [3]=CDSView_GetDataSize; [4]=CDSView_SaveData; [5]=CDSView_LoadData,
CGunMouse,0x00483794,,IDSChained,5,0,CDSView_EmptyHook27,CGunMouse_OnMouseMove,CDSView_OnMouseStub,[0]=CDSView_EmptyHook27; [1]=CGunMouse_OnMouseMove; [2]=CDSView_OnMouseStub; [3]=CDSView_EmptyHook27; [4]=CGunMouse_OnAnimTick,
CGunMouse,0x004837ac,,IDSEventHandler,4,0,FUN_00401600,FUN_0042ac90,FUN_00409260,[0]=FUN_00401600; [1]=FUN_0042ac90; [2]=FUN_00409260; [3]=FUN_00425860,
CGunMouse,0x004837c0,,IDSChained,7,0,FUN_00425850,FUN_004262a0,FUN_00401660,[0]=FUN_00425850; [1]=FUN_004262a0; [2]=FUN_00401660; [3]=CGunMouse_Activate; [4]=CGunMouse_Deactivate; [5]=CGunMouse_Draw,
CHelpDlg,0x00482b38,,IDSEventHandler,4,0,FUN_00402890,FUN_004049d0,FUN_00423db0,[0]=FUN_00402890; [1]=FUN_004049d0; [2]=FUN_00423db0; [3]=FUN_004220b0,
CHelpDlg,0x00482b4c,,IDSChained,5,0,FUN_00402880,FUN_004049c0,FUN_004034a0,[0]=FUN_00402880; [1]=FUN_004049c0; [2]=FUN_004034a0; [3]=FUN_004220d0; [4]=CDSView_DispatchEvent,
CHelpDlg,0x00482b64,,IDSChained,6,0,FUN_004011f0,FUN_0042ac90,FUN_0041aa40,[0]=FUN_004011f0; [1]=FUN_0042ac90; [2]=FUN_0041aa40; [3]=FUN_004220c0; [4]=CDSView_NoOpStub; [5]=CDSView_NoOpStub,
CHelpDlg,0x00482b84,0x0,primary,28,0,FUN_004220a0,FUN_004222f0,CDSObject_ReleaseViaVtable,[0]=FUN_004220a0; [1]=FUN_004222f0; [2]=CDSObject_ReleaseViaVtable; [3]=CDSView_GetDataSize; [4]=CDSView_SaveData; [5]=CDSView_LoadData,
CHelpScript,0x004829f4,,IDSChained,5,0,GetResourceName,FUN_00422770,FUN_00421810,[0]=GetResourceName; [1]=FUN_00422770; [2]=FUN_00421810; [3]=FUN_004216a0; [4]=AlwaysReturnsZero,
CHelpScript,0x00482a0c,,IDSEventHandler,4,0,FUN_00401600,FUN_004186c0,FUN_00418bf0,[0]=FUN_00401600; [1]=FUN_004186c0; [2]=FUN_00418bf0; [3]=FUN_00421690,
CHelpScript,0x00482a20,,IDSChained,6,0,FUN_004011f0,FUN_0042ac90,FUN_00421820,[0]=FUN_004011f0; [1]=FUN_0042ac90; [2]=FUN_00421820; [3]=FUN_004216b0; [4]=FUN_00438e40; [5]=CDSView_NoOpStub,
CHelpScript,0x00482a3c,,IDSReferenced,3,0,FUN_00421680,FUN_00421920,FUN_004216c0,[0]=FUN_00421680; [1]=FUN_00421920; [2]=FUN_004216c0,
CHelpView,0x00482a4c,,IDSEventHandler,4,0,FUN_00402890,FUN_004049d0,FUN_00423db0,[0]=FUN_00402890; [1]=FUN_004049d0; [2]=FUN_00423db0; [3]=FUN_00421910,
CHelpView,0x00482a60,,IDSChained,5,0,FUN_00402880,FUN_004049c0,FUN_004034a0,[0]=FUN_00402880; [1]=FUN_004049c0; [2]=FUN_004034a0; [3]=FUN_0040ad90; [4]=CDSView_DispatchEvent,
CHelpView,0x00482a78,,IDSChained,6,0,FUN_004011f0,FUN_0042ac90,FUN_0041aa40,[0]=FUN_004011f0; [1]=FUN_0042ac90; [2]=FUN_0041aa40; [3]=FUN_00416f40; [4]=CDSView_NoOpStub; [5]=CDSView_NoOpStub,
CHelpView,0x00482a94,0x0,primary,28,0,FUN_00421900,CDSView_DtorScalar,CDSObject_ReleaseViaVtable,[0]=FUN_00421900; [1]=CDSView_DtorScalar; [2]=CDSObject_ReleaseViaVtable; [3]=CDSView_GetDataSize; [4]=CDSView_SaveData; [5]=CDSView_LoadData,
CHistoryDlg,0x004833a0,,IDSEventHandler,4,0,FUN_00402890,FUN_004049d0,FUN_00423db0,[0]=FUN_00402890; [1]=FUN_004049d0; [2]=FUN_00423db0; [3]=FUN_00423440,
CHistoryDlg,0x004833b4,,IDSChained,5,0,FUN_00402880,FUN_004049c0,FUN_004034a0,[0]=FUN_00402880; [1]=FUN_004049c0; [2]=FUN_004034a0; [3]=FUN_00423460; [4]=CDSView_DispatchEvent,
CHistoryDlg,0x004833cc,,IDSChained,6,0,FUN_004011f0,FUN_0042ac90,FUN_0041aa40,[0]=FUN_004011f0; [1]=FUN_0042ac90; [2]=FUN_0041aa40; [3]=FUN_00423450; [4]=CDSView_NoOpStub; [5]=CDSView_NoOpStub,
CHistoryDlg,0x004833ec,0x0,primary,28,0,FUN_00423430,FUN_00423680,CDSObject_ReleaseViaVtable,[0]=FUN_00423430; [1]=FUN_00423680; [2]=CDSObject_ReleaseViaVtable; [3]=CDSView_GetDataSize; [4]=CDSView_SaveData; [5]=CDSView_LoadData,
CHistoryScript,0x00483088,,IDSChained,5,0,GetResourceName,FUN_00422770,FUN_00421810,[0]=GetResourceName; [1]=FUN_00422770; [2]=FUN_00421810; [3]=FUN_00422790; [4]=AlwaysReturnsZero,
CHistoryScript,0x004830a0,,IDSEventHandler,4,0,FUN_00401600,FUN_004186c0,FUN_00418bf0,[0]=FUN_00401600; [1]=FUN_004186c0; [2]=FUN_00418bf0; [3]=FUN_00422780,
CHistoryScript,0x004830b4,,IDSChained,6,0,FUN_004011f0,FUN_0042ac90,FUN_00421820,[0]=FUN_004011f0; [1]=FUN_0042ac90; [2]=FUN_00421820; [3]=FUN_004227a0; [4]=FUN_00438e40; [5]=CDSView_NoOpStub,
CHistoryScript,0x004830d0,,IDSReferenced,3,0,FUN_00422760,FUN_00422ae0,FUN_004216c0,[0]=FUN_00422760; [1]=FUN_00422ae0; [2]=FUN_004216c0,
CHistoryView,0x004832b0,,IDSEventHandler,4,0,FUN_00402890,FUN_004049d0,FUN_00423db0,[0]=FUN_00402890; [1]=FUN_004049d0; [2]=FUN_00423db0; [3]=FUN_00421910,
CHistoryView,0x004832c4,,IDSChained,5,0,FUN_00402880,FUN_004049c0,FUN_004034a0,[0]=FUN_00402880; [1]=FUN_004049c0; [2]=FUN_004034a0; [3]=FUN_0040ad90; [4]=CDSView_DispatchEvent,
CHistoryView,0x004832dc,,IDSChained,6,0,FUN_004011f0,FUN_0042ac90,FUN_0041aa40,[0]=FUN_004011f0; [1]=FUN_0042ac90; [2]=FUN_0041aa40; [3]=FUN_00416f40; [4]=CDSView_NoOpStub; [5]=CDSView_NoOpStub,
CHistoryView,0x004832fc,0x0,primary,28,0,FUN_00422ad0,CDSView_DtorScalar,CDSObject_ReleaseViaVtable,[0]=FUN_00422ad0; [1]=CDSView_DtorScalar; [2]=CDSObject_ReleaseViaVtable; [3]=CDSView_GetDataSize; [4]=CDSView_SaveData; [5]=CDSView_LoadData,
CIcon,0x0047fdd0,,IDSEventHandler,4,0,FUN_00402890,FUN_004049d0,FUN_00423db0,[0]=FUN_00402890; [1]=FUN_004049d0; [2]=FUN_00423db0; [3]=CIcon_AdjustorThunk04_Dtor,
CIcon,0x0047fde4,,IDSChained,5,0,FUN_00402880,FUN_004049c0,FUN_004034a0,[0]=FUN_00402880; [1]=FUN_004049c0; [2]=FUN_004034a0; [3]=CIcon_AdjustorThunk18_Dtor; [4]=CDSView_DispatchEvent,
CIcon,0x0047fdfc,,IDSChained,6,0,FUN_004011f0,FUN_0042ac90,FUN_0041aa40,[0]=FUN_004011f0; [1]=FUN_0042ac90; [2]=FUN_0041aa40; [3]=CIcon_AdjustorThunk10_Dtor; [4]=CDSView_NoOpStub; [5]=CDSView_NoOpStub,
CIcon,0x0047fe1c,0x0,primary,28,0,CIcon_GetTypeDescriptor,CIcon_vDtor,CDSObject_ReleaseViaVtable,[0]=CIcon_GetTypeDescriptor; [1]=CIcon_vDtor; [2]=CDSObject_ReleaseViaVtable; [3]=CDSView_GetDataSize; [4]=CDSView_SaveData; [5]=CDSView_LoadData,
CItemInfo,0x0047faa4,,IDSEventHandler,4,0,FUN_00403500,FUN_00434ae0,CDSObject_ReleaseViaVtable,[0]=FUN_00403500; [1]=FUN_00434ae0; [2]=CDSObject_ReleaseViaVtable; [3]=FUN_00434b10,
CKeybShow,0x00480dc0,0x10,IDSEventHandler,4,0,FUN_00402890,FUN_004049d0,FUN_00423db0,[0]=FUN_00402890; [1]=FUN_004049d0; [2]=FUN_00423db0; [3]=FUN_0040bc10,
CKeybShow,0x00480dd4,0x18,IDSReferenced,5,0,FUN_00402880,FUN_004049c0,FUN_004034a0,[0]=FUN_00402880; [1]=FUN_004049c0; [2]=FUN_004034a0; [3]=FUN_0040be20; [4]=CDSView_DispatchEvent,
CKeybShow,0x00480dec,,IDSChained,6,0,FUN_004011f0,FUN_0042ac90,FUN_0041aa40,[0]=FUN_004011f0; [1]=FUN_0042ac90; [2]=FUN_0041aa40; [3]=FUN_0040c540; [4]=CDSView_NoOpStub; [5]=CDSView_NoOpStub,
CKeybShow,0x00480e0c,0x0,primary,28,0,CKeybShow_GetTypeDescriptor,CWindow_vDtor,CDSObject_ReleaseViaVtable,[0]=CKeybShow_GetTypeDescriptor; [1]=CWindow_vDtor; [2]=CDSObject_ReleaseViaVtable; [3]=CDSView_GetDataSize; [4]=CDSView_SaveData; [5]=CDSView_LoadData,
CLevelList,0x00480718,,IDSChained,5,0,FUN_004034d0,FUN_00404de0,FUN_004229a0,[0]=FUN_004034d0; [1]=FUN_00404de0; [2]=FUN_004229a0; [3]=FUN_0040b130; [4]=FUN_00403120,
CLevelList,0x00480730,,IDSEventHandler,4,0,FUN_00402890,FUN_004049d0,FUN_00423db0,[0]=FUN_00402890; [1]=FUN_004049d0; [2]=FUN_00423db0; [3]=FUN_004082b0,
CLevelList,0x00480744,,IDSChained,5,0,FUN_00402880,FUN_004049c0,FUN_004034a0,[0]=FUN_00402880; [1]=FUN_004049c0; [2]=FUN_004034a0; [3]=FUN_004082a0; [4]=CDSView_DispatchEvent,
CLevelList,0x0048075c,,IDSChained,6,0,FUN_004011f0,FUN_0042ac90,FUN_0041aa40,[0]=FUN_004011f0; [1]=FUN_0042ac90; [2]=FUN_0041aa40; [3]=FUN_0040d0a0; [4]=CDSView_NoOpStub; [5]=CDSView_NoOpStub,
CLevelList,0x0048077c,0x0,primary,30,0,CLevelList_GetTypeDescriptor,CListBox_vDtor,CDSObject_ReleaseViaVtable,[0]=CLevelList_GetTypeDescriptor; [1]=CListBox_vDtor; [2]=CDSObject_ReleaseViaVtable; [3]=CDSView_GetDataSize; [4]=CDSView_SaveData; [5]=CDSView_LoadData,
CLevelScore,0x00480440,,IDSChained,6,0,FUN_004011f0,FUN_0042ac90,FUN_0041aa40,[0]=FUN_004011f0; [1]=FUN_0042ac90; [2]=FUN_0041aa40; [3]=DeletingDestructorThunk_4; [4]=Deserialize; [5]=Serialize,
CLevelScore,0x0048045c,,IDSReferenced,3,0,GetClassIdentifier,CLevelScore_scalar_deleting_dtor,CDSObject_ReleaseViaVtable,[0]=GetClassIdentifier; [1]=CLevelScore_scalar_deleting_dtor; [2]=CDSObject_ReleaseViaVtable,
CLevelScript,0x00481d6c,,IDSChained,5,0,FUN_004034d0,FUN_004186e0,FUN_00418be0,[0]=FUN_004034d0; [1]=FUN_004186e0; [2]=FUN_00418be0; [3]=FUN_004186a0; [4]=CLevelScriptTimer_FireOnTimer,
CLevelScript,0x00481d84,,IDSChained,5,0,GetResourceName,FUN_00422770,FUN_00421810,[0]=GetResourceName; [1]=FUN_00422770; [2]=FUN_00421810; [3]=FUN_00418690; [4]=AlwaysReturnsZero,
CLevelScript,0x00481d9c,,IDSEventHandler,4,0,FUN_00401600,FUN_004186c0,FUN_00418bf0,[0]=FUN_00401600; [1]=FUN_004186c0; [2]=FUN_00418bf0; [3]=FUN_004186d0,
CLevelScript,0x00481db0,,IDSChained,6,0,FUN_004011f0,FUN_0042ac90,FUN_00421820,[0]=FUN_004011f0; [1]=FUN_0042ac90; [2]=FUN_00421820; [3]=FUN_004186b0; [4]=FUN_00438e40; [5]=CDSView_NoOpStub,
CLevelScript,0x00481dcc,,IDSReferenced,3,0,FUN_00418680,FUN_0041a450,FUN_004216c0,[0]=FUN_00418680; [1]=FUN_0041a450; [2]=FUN_004216c0,
CListBox,0x004802c0,,IDSChained,5,0,FUN_004034d0,FUN_00404de0,FUN_004229a0,[0]=FUN_004034d0; [1]=FUN_00404de0; [2]=FUN_004229a0; [3]=FUN_0040b130; [4]=FUN_00403120,
CListBox,0x004802d8,,IDSEventHandler,4,0,FUN_00402890,FUN_004049d0,FUN_00423db0,[0]=FUN_00402890; [1]=FUN_004049d0; [2]=FUN_00423db0; [3]=FUN_004082b0,
CListBox,0x004802ec,,IDSChained,5,0,FUN_00402880,FUN_004049c0,FUN_004034a0,[0]=FUN_00402880; [1]=FUN_004049c0; [2]=FUN_004034a0; [3]=FUN_004082a0; [4]=CDSView_DispatchEvent,
CListBox,0x00480304,,IDSChained,6,0,FUN_004011f0,FUN_0042ac90,FUN_0041aa40,[0]=FUN_004011f0; [1]=FUN_0042ac90; [2]=FUN_0041aa40; [3]=FUN_0040d0a0; [4]=CDSView_NoOpStub; [5]=CDSView_NoOpStub,
CListBox,0x00480324,0x0,primary,30,0,CListBox_GetTypeDescriptor,CListBox_vDtor,CDSObject_ReleaseViaVtable,[0]=CListBox_GetTypeDescriptor; [1]=CListBox_vDtor; [2]=CDSObject_ReleaseViaVtable; [3]=CDSView_GetDataSize; [4]=CDSView_SaveData; [5]=CDSView_LoadData,
CListBoxItem,0x0047ff50,,IDSEventHandler,4,0,FUN_00404c70,FUN_004066c0,CDSObject_ReleaseViaVtable,[0]=FUN_00404c70; [1]=FUN_004066c0; [2]=CDSObject_ReleaseViaVtable; [3]=FUN_00434b10,
CListViewer,0x004801e0,,IDSChained,5,0,FUN_004034d0,FUN_00404de0,FUN_004229a0,[0]=FUN_004034d0; [1]=FUN_00404de0; [2]=FUN_004229a0; [3]=FUN_00407fe0; [4]=FUN_00403120,
CListViewer,0x004801f8,,IDSEventHandler,4,0,FUN_00402890,FUN_004049d0,FUN_00423db0,[0]=FUN_00402890; [1]=FUN_004049d0; [2]=FUN_00423db0; [3]=FUN_00408000,
CListViewer,0x0048020c,,IDSChained,5,0,FUN_00402880,FUN_004049c0,FUN_004034a0,[0]=FUN_00402880; [1]=FUN_004049c0; [2]=FUN_004034a0; [3]=FUN_00407ff0; [4]=CDSView_DispatchEvent,
CListViewer,0x00480224,,IDSChained,6,0,FUN_004011f0,FUN_0042ac90,FUN_0041aa40,[0]=FUN_004011f0; [1]=FUN_0042ac90; [2]=FUN_0041aa40; [3]=FUN_00408010; [4]=CDSView_NoOpStub; [5]=CDSView_NoOpStub,
CListViewer,0x00480244,0x0,primary,30,0,CListViewer_GetTypeDescriptor,CListViewer_vDtor,CDSObject_ReleaseViaVtable,[0]=CListViewer_GetTypeDescriptor; [1]=CListViewer_vDtor; [2]=CDSObject_ReleaseViaVtable; [3]=CDSView_GetDataSize; [4]=CDSView_SaveData; [5]=CDSView_LoadData,
CLoadingLevel,0x0048163c,,IDSEventHandler,4,0,FUN_00402890,FUN_004049d0,FUN_00423db0,[0]=FUN_00402890; [1]=FUN_004049d0; [2]=FUN_00423db0; [3]=FUN_0040bc10,
CLoadingLevel,0x00481650,,IDSChained,5,0,FUN_00402880,FUN_004049c0,FUN_004034a0,[0]=FUN_00402880; [1]=FUN_004049c0; [2]=FUN_004034a0; [3]=FUN_0040be20; [4]=CDSView_DispatchEvent,
CLoadingLevel,0x00481668,,IDSChained,6,0,FUN_004011f0,FUN_0042ac90,FUN_0041aa40,[0]=FUN_004011f0; [1]=FUN_0042ac90; [2]=FUN_0041aa40; [3]=FUN_0040c540; [4]=CDSView_NoOpStub; [5]=CDSView_NoOpStub,
CLoadingLevel,0x00481684,0x0,primary,28,0,FUN_0040e100,CWindow_vDtor,CDSObject_ReleaseViaVtable,[0]=FUN_0040e100; [1]=CWindow_vDtor; [2]=CDSObject_ReleaseViaVtable; [3]=CDSView_GetDataSize; [4]=CDSView_SaveData; [5]=CDSView_LoadData,
CMenu,0x00483650,0x10,IDSEventHandler,5,0,FUN_004034d0,FUN_00404de0,FUN_004229a0,[0]=FUN_004034d0; [1]=FUN_00404de0; [2]=FUN_004229a0; [3]=FUN_004245e0; [4]=CMenu_OnMusicFadeTick,
CMenu,0x00483668,0x18,IDSReferenced,4,0,FUN_00402890,FUN_004049d0,FUN_00423db0,[0]=FUN_00402890; [1]=FUN_004049d0; [2]=FUN_00423db0; [3]=FUN_00424600,
CMenu,0x0048367c,0x68,IDSUpdated,5,0,FUN_00402880,FUN_004049c0,FUN_004034a0,[0]=FUN_00402880; [1]=FUN_004049c0; [2]=FUN_004034a0; [3]=FUN_004245f0; [4]=CDSView_DispatchEvent,
CMenu,0x00483694,,IDSChained,6,0,FUN_004011f0,FUN_0042ac90,FUN_0041aa40,[0]=FUN_004011f0; [1]=FUN_0042ac90; [2]=FUN_0041aa40; [3]=FUN_004245d0; [4]=CDSView_NoOpStub; [5]=CDSView_NoOpStub,
CMenu,0x004836b4,0x0,primary,28,0,CMenu_GetSingleton,CMenu_VectorDtorWrapper,CDSObject_ReleaseViaVtable,[0]=CMenu_GetSingleton; [1]=CMenu_VectorDtorWrapper; [2]=CDSObject_ReleaseViaVtable; [3]=CDSView_GetDataSize; [4]=CDSView_SaveData; [5]=CDSView_LoadData,
CMina,0x004824dc,,IDSChained,5,0,FUN_004034d0,FUN_0041aa80,FUN_0041aaa0,[0]=FUN_004034d0; [1]=FUN_0041aa80; [2]=FUN_0041aaa0; [3]=FUN_0041aa50; [4]=FUN_0041c0d0,
CMina,0x004824f4,,IDSEventHandler,4,0,GetTypeInfo_Sub78,FUN_0041ab40,FUN_00419930,[0]=GetTypeInfo_Sub78; [1]=FUN_0041ab40; [2]=FUN_00419930; [3]=FUN_0041aa70,
CMina,0x00482508,,IDSChained,5,0,IDSAnim_NotifyEvents,IDSAnim_BindUserData,IDSAnim_SetSequence_thunk,[0]=IDSAnim_NotifyEvents; [1]=IDSAnim_BindUserData; [2]=IDSAnim_SetSequence_thunk; [3]=CDSView_EmptyHook27; [4]=FUN_00419280,
CMina,0x00482520,,IDSEventHandler,4,0,GetTypeInfo_Sub68,FUN_0041a980,FUN_00418ed0,[0]=GetTypeInfo_Sub68; [1]=FUN_0041a980; [2]=FUN_00418ed0; [3]=FUN_0041aab0,
CMina,0x00482534,,IDSEventHandler,4,0,FUN_00402890,FUN_004049d0,FUN_00423db0,[0]=FUN_00402890; [1]=FUN_004049d0; [2]=FUN_00423db0; [3]=FUN_0041aa60,
CMina,0x00482548,,IDSChained,5,0,FUN_00402880,FUN_004049c0,FUN_004034a0,[0]=FUN_00402880; [1]=FUN_004049c0; [2]=FUN_004034a0; [3]=FUN_0041aac0; [4]=CDSView_DispatchEvent,
CMina,0x00482560,,IDSChained,6,0,FUN_004011f0,FUN_0042ac90,FUN_0041aa40,[0]=FUN_004011f0; [1]=FUN_0042ac90; [2]=FUN_0041aa40; [3]=FUN_0041aa90; [4]=CDSView_NoOpStub; [5]=CDSView_NoOpStub,
CMina,0x0048257c,0x0,primary,31,0,FUN_0041aa30,FUN_0041c530,CDSObject_ReleaseViaVtable,[0]=FUN_0041aa30; [1]=FUN_0041c530; [2]=CDSObject_ReleaseViaVtable; [3]=CDSView_GetDataSize; [4]=CDSView_SaveData; [5]=CDSView_LoadData,
CMovieView,0x004831c8,,IDSChained,5,0,IDSAnim_NotifyEvents,IDSAnim_BindUserData,IDSAnim_SetSequence_thunk,[0]=IDSAnim_NotifyEvents; [1]=IDSAnim_BindUserData; [2]=IDSAnim_SetSequence_thunk; [3]=CDSView_EmptyHook27; [4]=CDSView_OnMouseStub,
CMovieView,0x004831e0,,IDSEventHandler,4,0,GetTypeInfo_Sub68,FUN_00404de0,FUN_004229a0,[0]=GetTypeInfo_Sub68; [1]=FUN_00404de0; [2]=FUN_004229a0; [3]=ScalarDeletingDtor_Thunk_104,
CMovieView,0x004831f4,,IDSEventHandler,4,0,FUN_00402890,FUN_004049d0,FUN_00423db0,[0]=FUN_00402890; [1]=FUN_004049d0; [2]=FUN_00423db0; [3]=ScalarDeletingDtor_Thunk_24,
CMovieView,0x00483208,,IDSChained,5,0,FUN_00402880,FUN_004049c0,FUN_004034a0,[0]=FUN_00402880; [1]=FUN_004049c0; [2]=FUN_004034a0; [3]=ScalarDeletingDtor_Thunk_16; [4]=CDSView_DispatchEvent,
CMovieView,0x00483220,,IDSChained,6,0,FUN_004011f0,FUN_0042ac90,FUN_0041aa40,[0]=FUN_004011f0; [1]=FUN_0042ac90; [2]=FUN_0041aa40; [3]=ScalarDeletingDtor_Thunk_4; [4]=CDSView_NoOpStub; [5]=CDSView_NoOpStub,
CMovieView,0x0048323c,0x0,primary,28,0,GetClassTable,ScalarDeletingDtor,CDSObject_ReleaseViaVtable,[0]=GetClassTable; [1]=ScalarDeletingDtor; [2]=CDSObject_ReleaseViaVtable; [3]=CDSView_GetDataSize; [4]=CDSView_SaveData; [5]=CDSView_LoadData,
CMsgDialog,0x004807f8,,IDSEventHandler,4,0,FUN_00402890,FUN_004049d0,FUN_00423db0,[0]=FUN_00402890; [1]=FUN_004049d0; [2]=FUN_00423db0; [3]=FUN_0040bc10,
CMsgDialog,0x0048080c,,IDSChained,5,0,FUN_00402880,FUN_004049c0,FUN_004034a0,[0]=FUN_00402880; [1]=FUN_004049c0; [2]=FUN_004034a0; [3]=FUN_0040be20; [4]=CDSView_DispatchEvent,
CMsgDialog,0x00480824,,IDSChained,6,0,FUN_004011f0,FUN_0042ac90,FUN_0041aa40,[0]=FUN_004011f0; [1]=FUN_0042ac90; [2]=FUN_0041aa40; [3]=FUN_0040c540; [4]=CDSView_NoOpStub; [5]=CDSView_NoOpStub,
CMsgDialog,0x00480844,0x0,primary,28,0,FUN_0040b760,CWindow_vDtor,CDSObject_ReleaseViaVtable,[0]=FUN_0040b760; [1]=CWindow_vDtor; [2]=CDSObject_ReleaseViaVtable; [3]=CDSView_GetDataSize; [4]=CDSView_SaveData; [5]=CDSView_LoadData,
CNumCounter,0x00483980,0x10,IDSEventHandler,5,0,FUN_004034d0,FUN_00404de0,FUN_004229a0,[0]=FUN_004034d0; [1]=FUN_00404de0; [2]=FUN_004229a0; [3]=CNumCounter_AdjustorThunk18_Dtor; [4]=CNumCounter_OnTimerTick,
CNumCounter,0x00483998,0x18,IDSReferenced,4,0,FUN_00402890,FUN_004049d0,FUN_00423db0,[0]=FUN_00402890; [1]=FUN_004049d0; [2]=FUN_00423db0; [3]=CNumCounter_AdjustorThunk04_Dtor,
CNumCounter,0x004839ac,0x68,IDSUpdated,5,0,FUN_00402880,FUN_004049c0,FUN_004034a0,[0]=FUN_00402880; [1]=FUN_004049c0; [2]=FUN_004034a0; [3]=CNumCounter_AdjustorThunk68_Dtor; [4]=CDSView_DispatchEvent,
CNumCounter,0x004839c4,,IDSChained,6,0,FUN_004011f0,FUN_0042ac90,FUN_0041aa40,[0]=FUN_004011f0; [1]=FUN_0042ac90; [2]=FUN_0041aa40; [3]=CNumCounter_AdjustorThunk10_Dtor; [4]=CDSView_NoOpStub; [5]=CDSView_NoOpStub,
CNumCounter,0x004839e4,0x0,primary,28,0,CNumCounter_GetTypeDescriptor,CNumCounter_vDtor,CDSObject_ReleaseViaVtable,[0]=CNumCounter_GetTypeDescriptor; [1]=CNumCounter_vDtor; [2]=CDSObject_ReleaseViaVtable; [3]=CDSView_GetDataSize; [4]=CDSView_SaveData; [5]=CDSView_LoadData,
CNumEdit,0x00480040,0x10,IDSEventHandler,5,0,FUN_004034d0,FUN_00404de0,FUN_004229a0,[0]=FUN_004034d0; [1]=FUN_00404de0; [2]=FUN_004229a0; [3]=CEdit_AdjustorThunk04_Dtor; [4]=CEdit_GetTextLength,
CNumEdit,0x00480058,0x18,IDSReferenced,4,0,FUN_00402890,FUN_004049d0,FUN_00423db0,[0]=FUN_00402890; [1]=FUN_004049d0; [2]=FUN_00423db0; [3]=CEdit_AdjustorThunk18_Dtor,
CNumEdit,0x0048006c,0x68,IDSUpdated,5,0,FUN_00402880,FUN_004049c0,FUN_004034a0,[0]=FUN_00402880; [1]=FUN_004049c0; [2]=FUN_004034a0; [3]=FUN_0040ba00; [4]=CDSView_DispatchEvent,
CNumEdit,0x00480084,,IDSChained,6,0,FUN_004011f0,FUN_0042ac90,FUN_0041aa40,[0]=FUN_004011f0; [1]=FUN_0042ac90; [2]=FUN_0041aa40; [3]=CEdit_AdjustorThunk10_Dtor; [4]=CDSView_NoOpStub; [5]=CDSView_NoOpStub,
CNumEdit,0x004800a4,0x0,primary,30,0,CNumEdit_GetTypeDescriptor,CEdit_vDtor,CDSObject_ReleaseViaVtable,[0]=CNumEdit_GetTypeDescriptor; [1]=CEdit_vDtor; [2]=CDSObject_ReleaseViaVtable; [3]=CEdit_GetDataSize; [4]=CNumEdit_GetValue; [5]=CNumEdit_vDtor,
CObstacle,0x00481b94,,IDSEventHandler,4,0,FUN_00402890,FUN_004049d0,FUN_00423db0,[0]=FUN_00402890; [1]=FUN_004049d0; [2]=FUN_00423db0; [3]=FUN_00421910,
CObstacle,0x00481ba8,,IDSChained,5,0,FUN_00402880,FUN_004049c0,FUN_004034a0,[0]=FUN_00402880; [1]=FUN_004049c0; [2]=FUN_004034a0; [3]=FUN_0040ad90; [4]=CDSView_DispatchEvent,
CObstacle,0x00481bc0,,IDSChained,6,0,FUN_004011f0,FUN_0042ac90,FUN_0041aa40,[0]=FUN_004011f0; [1]=FUN_0042ac90; [2]=FUN_0041aa40; [3]=FUN_00416f40; [4]=CDSView_NoOpStub; [5]=CDSView_NoOpStub,
CObstacle,0x00481bdc,0x0,primary,31,0,FUN_00416fb0,CDSView_DtorScalar,CDSObject_ReleaseViaVtable,[0]=FUN_00416fb0; [1]=CDSView_DtorScalar; [2]=CDSObject_ReleaseViaVtable; [3]=CDSView_GetDataSize; [4]=CDSView_SaveData; [5]=CDSView_LoadData,
CPanel,0x00483b40,0x10,IDSEventHandler,4,0,FUN_00402890,FUN_004049d0,FUN_00423db0,[0]=FUN_00402890; [1]=FUN_004049d0; [2]=FUN_00423db0; [3]=CPanel_AdjustorThunk10_Dtor,
CPanel,0x00483b54,0x18,IDSReferenced,5,0,FUN_00402880,FUN_004049c0,FUN_004034a0,[0]=FUN_00402880; [1]=FUN_004049c0; [2]=FUN_004034a0; [3]=CPanel_AdjustorThunk04_Dtor; [4]=CDSView_DispatchEvent,
CPanel,0x00483b6c,,IDSChained,6,0,FUN_004011f0,FUN_0042ac90,FUN_0041aa40,[0]=FUN_004011f0; [1]=FUN_0042ac90; [2]=FUN_0041aa40; [3]=CPanel_AdjustorThunk18_Dtor; [4]=CDSView_NoOpStub; [5]=CDSView_NoOpStub,
CPanel,0x00483b8c,0x0,primary,28,0,CPanel_GetTypeDescriptor,CPanel_vDtor,CDSObject_ReleaseViaVtable,[0]=CPanel_GetTypeDescriptor; [1]=CPanel_vDtor; [2]=CDSObject_ReleaseViaVtable; [3]=CDSView_GetDataSize; [4]=CDSView_SaveData; [5]=CDSView_LoadData,
CPauseDlg,0x004810c0,0x10,IDSEventHandler,4,0,FUN_00402890,FUN_004049d0,FUN_00423db0,[0]=FUN_00402890; [1]=FUN_004049d0; [2]=FUN_00423db0; [3]=FUN_0040bc10,
CPauseDlg,0x004810d4,0x18,IDSReferenced,5,0,FUN_00402880,FUN_004049c0,FUN_004034a0,[0]=FUN_00402880; [1]=FUN_004049c0; [2]=FUN_004034a0; [3]=FUN_0040be20; [4]=CDSView_DispatchEvent,
CPauseDlg,0x004810ec,,IDSChained,6,0,FUN_004011f0,FUN_0042ac90,FUN_0041aa40,[0]=FUN_004011f0; [1]=FUN_0042ac90; [2]=FUN_0041aa40; [3]=FUN_0040c540; [4]=CDSView_NoOpStub; [5]=CDSView_NoOpStub,
CPauseDlg,0x0048110c,0x0,primary,28,0,FUN_0040be10,CWindow_vDtor,CDSObject_ReleaseViaVtable,[0]=FUN_0040be10; [1]=CWindow_vDtor; [2]=CDSObject_ReleaseViaVtable; [3]=CDSView_GetDataSize; [4]=CDSView_SaveData; [5]=CDSView_LoadData,
CPoem,0x00480498,,IDSChained,6,0,FUN_004011f0,FUN_00429300,FUN_00409970,[0]=FUN_004011f0; [1]=FUN_00429300; [2]=FUN_00409970; [3]=DeletingDestructorThunk_12; [4]=Deserialize; [5]=GetText,
CPoem,0x004804b4,,IDSChained,5,0,GetResourceName,FUN_00409450,FUN_00409490,[0]=GetResourceName; [1]=FUN_00409450; [2]=FUN_00409490; [3]=DeletingDestructorThunk_4; [4]=AlwaysReturnsZero,
CPoem,0x004804cc,,IDSEventHandler,4,0,FUN_00401600,FUN_0042ac90,FUN_00409260,[0]=FUN_00401600; [1]=FUN_0042ac90; [2]=FUN_00409260; [3]=DeletingDestructorThunk_10,
CPoem,0x004804e0,,IDSReferenced,3,0,GetClassIdentifier,ScalarDeletingDestructor,FUN_00401660,[0]=GetClassIdentifier; [1]=ScalarDeletingDestructor; [2]=FUN_00401660,
CPoemScroller,0x004837e0,,IDSChained,5,0,FUN_004034d0,FUN_00404de0,FUN_004229a0,[0]=FUN_004034d0; [1]=FUN_00404de0; [2]=FUN_004229a0; [3]=DeletingDestructorThunk_1c; [4]=OnScrollTick,
CPoemScroller,0x004837f8,,IDSEventHandler,4,0,FUN_00402890,FUN_004049d0,FUN_00423db0,[0]=FUN_00402890; [1]=FUN_004049d0; [2]=FUN_00423db0; [3]=DeletingDestructorThunk_4,
CPoemScroller,0x0048380c,,IDSChained,5,0,FUN_00402880,FUN_004049c0,FUN_004034a0,[0]=FUN_00402880; [1]=FUN_004049c0; [2]=FUN_004034a0; [3]=DeletingDestructorThunk_24; [4]=CDSView_DispatchEvent,
CPoemScroller,0x00483824,,IDSChained,6,0,FUN_004011f0,FUN_0042ac90,FUN_0041aa40,[0]=FUN_004011f0; [1]=FUN_0042ac90; [2]=FUN_0041aa40; [3]=DeletingDestructorThunk_10; [4]=CDSView_NoOpStub; [5]=CDSView_NoOpStub,
CPoemScroller,0x00483844,0x0,primary,28,0,GetClassIdentifier,ScalarDeletingDestructor,CDSObject_ReleaseViaVtable,[0]=GetClassIdentifier; [1]=ScalarDeletingDestructor; [2]=CDSObject_ReleaseViaVtable; [3]=CDSView_GetDataSize; [4]=CDSView_SaveData; [5]=CDSView_LoadData,
CProgressBar,0x00480658,,IDSEventHandler,4,0,FUN_00402890,FUN_004049d0,FUN_00423db0,[0]=FUN_00402890; [1]=FUN_004049d0; [2]=FUN_00423db0; [3]=FUN_00421910,
CProgressBar,0x0048066c,,IDSChained,5,0,FUN_00402880,FUN_004049c0,FUN_004034a0,[0]=FUN_00402880; [1]=FUN_004049c0; [2]=FUN_004034a0; [3]=FUN_0040ad90; [4]=CDSView_DispatchEvent,
CProgressBar,0x00480684,,IDSChained,6,0,FUN_004011f0,FUN_0042ac90,FUN_0041aa40,[0]=FUN_004011f0; [1]=FUN_0042ac90; [2]=FUN_0041aa40; [3]=FUN_00416f40; [4]=CDSView_NoOpStub; [5]=CDSView_NoOpStub,
CProgressBar,0x004806a4,0x0,primary,28,0,CProgressBar_GetTypeDescriptor,CDSView_DtorScalar,CDSObject_ReleaseViaVtable,[0]=CProgressBar_GetTypeDescriptor; [1]=CDSView_DtorScalar; [2]=CDSObject_ReleaseViaVtable; [3]=CDSView_GetDataSize; [4]=CDSView_SaveData; [5]=CDSView_LoadData,
CRadio,0x00480120,,IDSEventHandler,4,0,FUN_00402890,FUN_004049d0,FUN_00423db0,[0]=FUN_00402890; [1]=FUN_004049d0; [2]=FUN_00423db0; [3]=CRadio_AdjustorThunk04_Dtor,
CRadio,0x00480134,,IDSChained,5,0,FUN_00402880,FUN_004049c0,FUN_004034a0,[0]=FUN_00402880; [1]=FUN_004049c0; [2]=FUN_004034a0; [3]=CRadio_AdjustorThunk18_Dtor; [4]=CDSView_DispatchEvent,
CRadio,0x0048014c,,IDSChained,6,0,FUN_004011f0,FUN_0042ac90,FUN_0041aa40,[0]=FUN_004011f0; [1]=FUN_0042ac90; [2]=FUN_0041aa40; [3]=CRadio_AdjustorThunk10_Dtor; [4]=CDSView_NoOpStub; [5]=CDSView_NoOpStub,
CRadio,0x0048016c,0x0,primary,28,0,CRadio_GetTypeDescriptor,CRadio_vDtor,CDSObject_ReleaseViaVtable,[0]=CRadio_GetTypeDescriptor; [1]=CRadio_vDtor; [2]=CDSObject_ReleaseViaVtable; [3]=CRadio_GetDataSize; [4]=CRadio_SaveData; [5]=CRadio_LoadData,
CRuch,0x0048357c,,IDSChained,5,0,FUN_004034d0,FUN_00404de0,FUN_004229a0,[0]=FUN_004034d0; [1]=FUN_00404de0; [2]=FUN_004229a0; [3]=FUN_00423d90; [4]=CRuch_OnScheduledTick,
CRuch,0x00483594,,IDSEventHandler,4,0,FUN_00402890,FUN_004049d0,FUN_00423db0,[0]=FUN_00402890; [1]=FUN_004049d0; [2]=FUN_00423db0; [3]=FUN_00423d70,
CRuch,0x004835a8,,IDSChained,5,0,FUN_00402880,FUN_004049c0,FUN_004034a0,[0]=FUN_00402880; [1]=FUN_004049c0; [2]=FUN_004034a0; [3]=FUN_00423da0; [4]=CDSView_DispatchEvent,
CRuch,0x004835c0,,IDSChained,6,0,FUN_004011f0,FUN_0042ac90,FUN_0041aa40,[0]=FUN_004011f0; [1]=FUN_0042ac90; [2]=FUN_0041aa40; [3]=FUN_00423d80; [4]=CDSView_NoOpStub; [5]=CDSView_NoOpStub,
CRuch,0x004835dc,0x0,primary,28,0,FUN_00423d00,FUN_00423dc0,CDSObject_ReleaseViaVtable,[0]=FUN_00423d00; [1]=FUN_00423dc0; [2]=CDSObject_ReleaseViaVtable; [3]=CDSView_GetDataSize; [4]=CDSView_SaveData; [5]=CDSView_LoadData,
CScore,0x00481000,0x10,IDSEventHandler,4,0,FUN_00402890,FUN_004049d0,FUN_00423db0,[0]=FUN_00402890; [1]=FUN_004049d0; [2]=FUN_00423db0; [3]=DeletingDestructorThunk_18,
CScore,0x00481014,0x18,IDSReferenced,5,0,FUN_00402880,FUN_004049c0,FUN_004034a0,[0]=FUN_00402880; [1]=FUN_004049c0; [2]=FUN_004034a0; [3]=DeletingDestructorThunk_10; [4]=CDSView_DispatchEvent,
CScore,0x0048102c,,IDSChained,6,0,FUN_004011f0,FUN_0042ac90,FUN_0041aa40,[0]=FUN_004011f0; [1]=FUN_0042ac90; [2]=FUN_0041aa40; [3]=DeletingDestructorThunk_4; [4]=CDSView_NoOpStub; [5]=CDSView_NoOpStub,
CScore,0x0048104c,0x0,primary,28,0,GetClassIdentifier,ScalarDeletingDestructor,CDSObject_ReleaseViaVtable,[0]=GetClassIdentifier; [1]=ScalarDeletingDestructor; [2]=CDSObject_ReleaseViaVtable; [3]=CDSView_GetDataSize; [4]=CDSView_SaveData; [5]=CDSView_LoadData,
CScoreItem,0x0048046c,,IDSChained,6,0,FUN_004011f0,FUN_0042ac90,FUN_0041aa40,[0]=FUN_004011f0; [1]=FUN_0042ac90; [2]=FUN_0041aa40; [3]=DeletingDestructorThunk_4; [4]=Deserialize; [5]=Serialize,
CScoreItem,0x00480488,,IDSReferenced,3,0,GetClassIdentifier,ScalarDeletingDestructor,CDSObject_ReleaseViaVtable,[0]=GetClassIdentifier; [1]=ScalarDeletingDestructor; [2]=CDSObject_ReleaseViaVtable,
CScrollBar,0x0047fb78,,IDSChained,5,0,FUN_004034d0,FUN_00404de0,FUN_004229a0,[0]=FUN_004034d0; [1]=FUN_00404de0; [2]=FUN_004229a0; [3]=CScrollBar_AdjustorThunk04_Dtor; [4]=CScrollBar_Invalidate,
CScrollBar,0x0047fb90,,IDSEventHandler,4,0,FUN_00402890,FUN_004049d0,FUN_00423db0,[0]=FUN_00402890; [1]=FUN_004049d0; [2]=FUN_00423db0; [3]=CScrollBar_AdjustorThunk18_Dtor,
CScrollBar,0x0047fba4,,IDSChained,5,0,FUN_00402880,FUN_004049c0,FUN_004034a0,[0]=FUN_00402880; [1]=FUN_004049c0; [2]=FUN_004034a0; [3]=CScrollBar_AdjustorThunk10_Dtor; [4]=CDSView_DispatchEvent,
CScrollBar,0x0047fbbc,,IDSChained,6,0,FUN_004011f0,FUN_0042ac90,FUN_0041aa40,[0]=FUN_004011f0; [1]=FUN_0042ac90; [2]=FUN_0041aa40; [3]=CScrollBar_AdjustorThunk68_Dtor; [4]=CDSView_NoOpStub; [5]=CDSView_NoOpStub,
CScrollBar,0x0047fbdc,0x0,primary,28,0,CScrollBar_GetTypeDescriptor,CScrollBar_vDtor,CDSObject_ReleaseViaVtable,[0]=CScrollBar_GetTypeDescriptor; [1]=CScrollBar_vDtor; [2]=CDSObject_ReleaseViaVtable; [3]=CDSView_GetDataSize; [4]=CDSView_SaveData; [5]=CDSView_LoadData,
CScroller,0x0047f9c8,,IDSChained,5,0,FUN_004034d0,FUN_00404de0,FUN_004229a0,[0]=FUN_004034d0; [1]=FUN_00404de0; [2]=FUN_004229a0; [3]=FUN_00403490; [4]=FUN_00403120,
CScroller,0x0047f9e0,,IDSEventHandler,4,0,FUN_00402890,FUN_004049d0,FUN_00423db0,[0]=FUN_00402890; [1]=FUN_004049d0; [2]=FUN_00423db0; [3]=FUN_004034c0,
CScroller,0x0047f9f4,,IDSChained,5,0,FUN_00402880,FUN_004049c0,FUN_004034a0,[0]=FUN_00402880; [1]=FUN_004049c0; [2]=FUN_004034a0; [3]=FUN_004034b0; [4]=CDSView_DispatchEvent,
CScroller,0x0047fa0c,,IDSChained,6,0,FUN_004011f0,FUN_0042ac90,FUN_0041aa40,[0]=FUN_004011f0; [1]=FUN_0042ac90; [2]=FUN_0041aa40; [3]=FUN_00403480; [4]=CDSView_NoOpStub; [5]=CDSView_NoOpStub,
CScroller,0x0047fa2c,0x0,primary,29,0,FUN_00403470,FUN_004034e0,CDSObject_ReleaseViaVtable,[0]=FUN_00403470; [1]=FUN_004034e0; [2]=CDSObject_ReleaseViaVtable; [3]=CDSView_GetDataSize; [4]=CDSView_SaveData; [5]=CDSView_LoadData,
CSessionItem,0x004808b8,,IDSEventHandler,4,0,CSessionItem_GetTypeDescriptor,FUN_004066c0,CDSObject_ReleaseViaVtable,[0]=CSessionItem_GetTypeDescriptor; [1]=FUN_004066c0; [2]=CDSObject_ReleaseViaVtable; [3]=FUN_00434b10,
CSessionList,0x00481318,,IDSEventHandler,4,0,FUN_00402890,FUN_004049d0,FUN_00423db0,[0]=FUN_00402890; [1]=FUN_004049d0; [2]=FUN_00423db0; [3]=FUN_0040bc10,
CSessionList,0x0048132c,,IDSChained,5,0,FUN_00402880,FUN_004049c0,FUN_004034a0,[0]=FUN_00402880; [1]=FUN_004049c0; [2]=FUN_004034a0; [3]=FUN_0040be20; [4]=CDSView_DispatchEvent,
CSessionList,0x00481344,,IDSChained,6,0,FUN_004011f0,FUN_0042ac90,FUN_0041aa40,[0]=FUN_004011f0; [1]=FUN_0042ac90; [2]=FUN_0041aa40; [3]=FUN_0040c540; [4]=CDSView_NoOpStub; [5]=CDSView_NoOpStub,
CSessionList,0x00481364,0x0,primary,28,0,CSessionList_GetTypeDescriptor,CWindow_vDtor,CDSObject_ReleaseViaVtable,[0]=CSessionList_GetTypeDescriptor; [1]=CWindow_vDtor; [2]=CDSObject_ReleaseViaVtable; [3]=CDSView_GetDataSize; [4]=CDSView_SaveData; [5]=CDSView_LoadData,
CSetupDlg,0x004816f8,,IDSEventHandler,4,0,FUN_00402890,FUN_004049d0,FUN_00423db0,[0]=FUN_00402890; [1]=FUN_004049d0; [2]=FUN_00423db0; [3]=FUN_0040bc10,
CSetupDlg,0x0048170c,,IDSChained,5,0,FUN_00402880,FUN_004049c0,FUN_004034a0,[0]=FUN_00402880; [1]=FUN_004049c0; [2]=FUN_004034a0; [3]=FUN_0040be20; [4]=CDSView_DispatchEvent,
CSetupDlg,0x00481724,,IDSChained,6,0,FUN_004011f0,FUN_0042ac90,FUN_0041aa40,[0]=FUN_004011f0; [1]=FUN_0042ac90; [2]=FUN_0041aa40; [3]=FUN_0040c540; [4]=CDSView_NoOpStub; [5]=CDSView_NoOpStub,
CSetupDlg,0x00481744,0x0,primary,28,0,FUN_0040e4d0,CWindow_vDtor,CDSObject_ReleaseViaVtable,[0]=FUN_0040e4d0; [1]=CWindow_vDtor; [2]=CDSObject_ReleaseViaVtable; [3]=CDSView_GetDataSize; [4]=CDSView_SaveData; [5]=CDSView_LoadData,
CShot,0x00481c5c,,IDSChained,5,0,FUN_004034d0,FUN_0041a980,FUN_00418ed0,[0]=FUN_004034d0; [1]=FUN_0041a980; [2]=FUN_00418ed0; [3]=FUN_00417170; [4]=FUN_00419b40,
CShot,0x00481c74,,IDSEventHandler,4,0,FUN_00402890,FUN_004049d0,FUN_00423db0,[0]=FUN_00402890; [1]=FUN_004049d0; [2]=FUN_00423db0; [3]=FUN_00417150,
CShot,0x00481c88,,IDSChained,5,0,FUN_00402880,FUN_004049c0,FUN_004034a0,[0]=FUN_00402880; [1]=FUN_004049c0; [2]=FUN_004034a0; [3]=FUN_00417180; [4]=CDSView_DispatchEvent,
CShot,0x00481ca0,,IDSChained,6,0,FUN_004011f0,FUN_0042ac90,FUN_0041aa40,[0]=FUN_004011f0; [1]=FUN_0042ac90; [2]=FUN_0041aa40; [3]=FUN_00417160; [4]=CDSView_NoOpStub; [5]=CDSView_NoOpStub,
CShot,0x00481cbc,0x0,primary,31,0,FUN_004170e0,FUN_00417190,CDSObject_ReleaseViaVtable,[0]=FUN_004170e0; [1]=FUN_00417190; [2]=CDSObject_ReleaseViaVtable; [3]=CDSView_GetDataSize; [4]=CDSView_SaveData; [5]=CDSView_LoadData,
CShotCounter,0x004838c4,0x10,IDSEventHandler,4,0,FUN_00402890,FUN_004049d0,FUN_00423db0,[0]=FUN_00402890; [1]=FUN_004049d0; [2]=FUN_00423db0; [3]=DeletingDestructorThunk_18,
CShotCounter,0x004838d8,0x18,IDSReferenced,5,0,FUN_00402880,FUN_004049c0,FUN_004034a0,[0]=FUN_00402880; [1]=FUN_004049c0; [2]=FUN_004034a0; [3]=DeletingDestructorThunk_10; [4]=CDSView_DispatchEvent,
CShotCounter,0x004838f0,,IDSChained,6,0,FUN_004011f0,FUN_0042ac90,FUN_0041aa40,[0]=FUN_004011f0; [1]=FUN_0042ac90; [2]=FUN_0041aa40; [3]=DeletingDestructorThunk_4; [4]=CDSView_NoOpStub; [5]=CDSView_NoOpStub,
CShotCounter,0x0048390c,0x0,primary,28,0,GetClassIdentifier,ScalarDeletingDestructor,CDSObject_ReleaseViaVtable,[0]=GetClassIdentifier; [1]=ScalarDeletingDestructor; [2]=CDSObject_ReleaseViaVtable; [3]=CDSView_GetDataSize; [4]=CDSView_SaveData; [5]=CDSView_LoadData,
CSpells,0x00483a58,0x10,IDSEventHandler,5,0,IDSAnim_NotifyEvents,IDSAnim_BindUserData,IDSAnim_SetSequence_thunk,[0]=IDSAnim_NotifyEvents; [1]=IDSAnim_BindUserData; [2]=IDSAnim_SetSequence_thunk; [3]=CDSView_EmptyHook27; [4]=CDSView_OnMouseStub,
CSpells,0x00483a70,0x18,IDSReferenced,4,0,GetTypeInfo_Sub68,FUN_00404de0,FUN_004229a0,[0]=GetTypeInfo_Sub68; [1]=FUN_00404de0; [2]=FUN_004229a0; [3]=FUN_004274d0,
CSpells,0x00483a84,0x68,IDSUpdated,4,0,FUN_00402890,FUN_004049d0,FUN_00423db0,[0]=FUN_00402890; [1]=FUN_004049d0; [2]=FUN_00423db0; [3]=FUN_004274c0,
CSpells,0x00483a98,0x6c,IDSAnim,5,0,FUN_00402880,FUN_004049c0,FUN_004034a0,[0]=FUN_00402880; [1]=FUN_004049c0; [2]=FUN_004034a0; [3]=FUN_004274e0; [4]=CDSView_DispatchEvent,
CSpells,0x00483ab0,,IDSChained,6,0,FUN_004011f0,FUN_0042ac90,FUN_0041aa40,[0]=FUN_004011f0; [1]=FUN_0042ac90; [2]=FUN_0041aa40; [3]=FUN_00422990; [4]=CDSView_NoOpStub; [5]=CDSView_NoOpStub,
CSpells,0x00483acc,0x0,primary,28,0,FUN_004274b0,FUN_004274f0,CDSObject_ReleaseViaVtable,[0]=FUN_004274b0; [1]=FUN_004274f0; [2]=CDSObject_ReleaseViaVtable; [3]=CDSView_GetDataSize; [4]=CDSView_SaveData; [5]=CDSView_LoadData,
CStartGame1,0x00481890,,IDSChained,5,0,FUN_004034d0,FUN_0040e760,FUN_0040e770,[0]=FUN_004034d0; [1]=FUN_0040e760; [2]=FUN_0040e770; [3]=FUN_0040f4d0; [4]=FUN_0040ae00,
CStartGame1,0x004818a8,,IDSEventHandler,4,0,FUN_00402890,FUN_004049d0,FUN_00423db0,[0]=FUN_00402890; [1]=FUN_004049d0; [2]=FUN_00423db0; [3]=FUN_0040f4e0,
CStartGame1,0x004818bc,,IDSChained,5,0,FUN_00402880,FUN_004049c0,FUN_004034a0,[0]=FUN_00402880; [1]=FUN_004049c0; [2]=FUN_004034a0; [3]=FUN_0040f4c0; [4]=CDSView_DispatchEvent,
CStartGame1,0x004818d4,,IDSChained,6,0,FUN_004011f0,FUN_0042ac90,FUN_0041aa40,[0]=FUN_004011f0; [1]=FUN_0042ac90; [2]=FUN_0041aa40; [3]=FUN_0040f4f0; [4]=CDSView_NoOpStub; [5]=CDSView_NoOpStub,
CStartGame1,0x004818f4,0x0,primary,28,0,CStartGame1_GetSingleton,FUN_0040f560,CDSObject_ReleaseViaVtable,[0]=CStartGame1_GetSingleton; [1]=FUN_0040f560; [2]=CDSObject_ReleaseViaVtable; [3]=CDSView_GetDataSize; [4]=CDSView_SaveData; [5]=CDSView_LoadData,
CStartGame2,0x00480ce8,0x10,IDSEventHandler,5,0,FUN_004034d0,FUN_0040e760,FUN_0040e770,[0]=FUN_004034d0; [1]=FUN_0040e760; [2]=FUN_0040e770; [3]=FUN_0040bb50; [4]=FUN_0040d520,
CStartGame2,0x00480d00,0x18,IDSReferenced,4,0,FUN_00402890,FUN_004049d0,FUN_00423db0,[0]=FUN_00402890; [1]=FUN_004049d0; [2]=FUN_00423db0; [3]=FUN_0040bb60,
CStartGame2,0x00480d14,0x70,IDSChained,5,0,FUN_00402880,FUN_004049c0,FUN_004034a0,[0]=FUN_00402880; [1]=FUN_004049c0; [2]=FUN_004034a0; [3]=FUN_0040bb80; [4]=CDSView_DispatchEvent,
CStartGame2,0x00480d2c,,IDSChained,6,0,FUN_004011f0,FUN_0042ac90,FUN_0041aa40,[0]=FUN_004011f0; [1]=FUN_0042ac90; [2]=FUN_0041aa40; [3]=FUN_0040bb70; [4]=CDSView_NoOpStub; [5]=CDSView_NoOpStub,
CStartGame2,0x00480d4c,0x0,primary,28,0,FUN_0040bb40,FUN_0040ed90,CDSObject_ReleaseViaVtable,[0]=FUN_0040bb40; [1]=FUN_0040ed90; [2]=CDSObject_ReleaseViaVtable; [3]=CDSView_GetDataSize; [4]=CDSView_SaveData; [5]=CDSView_LoadData,
CStaticText,0x0047fc50,,IDSEventHandler,4,0,FUN_00402890,FUN_004049d0,FUN_00423db0,[0]=FUN_00402890; [1]=FUN_004049d0; [2]=FUN_00423db0; [3]=CStaticText_AdjustorThunk18_Dtor,
CStaticText,0x0047fc64,,IDSChained,5,0,FUN_00402880,FUN_004049c0,FUN_004034a0,[0]=FUN_00402880; [1]=FUN_004049c0; [2]=FUN_004034a0; [3]=CStaticText_AdjustorThunk10_Dtor; [4]=CDSView_DispatchEvent,
CStaticText,0x0047fc7c,,IDSChained,6,0,FUN_004011f0,FUN_0042ac90,FUN_0041aa40,[0]=FUN_004011f0; [1]=FUN_0042ac90; [2]=FUN_0041aa40; [3]=CStaticText_AdjustorThunk04_Dtor; [4]=CDSView_NoOpStub; [5]=CDSView_NoOpStub,
CStaticText,0x0047fc9c,0x0,primary,28,0,CStaticText_GetTypeDescriptor,CStaticText_vDtor,CDSObject_ReleaseViaVtable,[0]=CStaticText_GetTypeDescriptor; [1]=CStaticText_vDtor; [2]=CDSObject_ReleaseViaVtable; [3]=CDSView_GetDataSize; [4]=CDSView_SaveData; [5]=CDSView_LoadData,
CSwitch,0x00483460,0x10,IDSEventHandler,5,0,IDSAnim_NotifyEvents,IDSAnim_BindUserData,IDSAnim_SetSequence_thunk,[0]=IDSAnim_NotifyEvents; [1]=IDSAnim_BindUserData; [2]=IDSAnim_SetSequence_thunk; [3]=CDSView_EmptyHook27; [4]=CSwitch_OnAnimEnd,
CSwitch,0x00483478,0x18,IDSReferenced,4,0,GetTypeInfo_Sub68,FUN_00404de0,FUN_004229a0,[0]=GetTypeInfo_Sub68; [1]=FUN_00404de0; [2]=FUN_004229a0; [3]=FUN_00423ad0,
CSwitch,0x0048348c,0x68,IDSUpdated,4,0,FUN_00402890,FUN_004049d0,FUN_00423db0,[0]=FUN_00402890; [1]=FUN_004049d0; [2]=FUN_00423db0; [3]=FUN_00423af0,
CSwitch,0x004834a0,0x6c,IDSAnim,5,0,FUN_00402880,FUN_004049c0,FUN_004034a0,[0]=FUN_00402880; [1]=FUN_004049c0; [2]=FUN_004034a0; [3]=FUN_00423ae0; [4]=CDSView_DispatchEvent,
CSwitch,0x004834b8,,IDSChained,6,0,FUN_004011f0,FUN_0042ac90,FUN_0041aa40,[0]=FUN_004011f0; [1]=FUN_0042ac90; [2]=FUN_0041aa40; [3]=FUN_00423b00; [4]=CDSView_NoOpStub; [5]=CDSView_NoOpStub,
CSwitch,0x004834d4,0x0,primary,28,0,FUN_004239e0,FUN_00423b30,CDSObject_ReleaseViaVtable,[0]=FUN_004239e0; [1]=FUN_00423b30; [2]=CDSObject_ReleaseViaVtable; [3]=CDSView_GetDataSize; [4]=CDSView_SaveData; [5]=CDSView_LoadData,
CTcpIpConfig,0x00481258,,IDSEventHandler,4,0,FUN_00402890,FUN_004049d0,FUN_00423db0,[0]=FUN_00402890; [1]=FUN_004049d0; [2]=FUN_00423db0; [3]=FUN_0040bc10,
CTcpIpConfig,0x0048126c,,IDSChained,5,0,FUN_00402880,FUN_004049c0,FUN_004034a0,[0]=FUN_00402880; [1]=FUN_004049c0; [2]=FUN_004034a0; [3]=FUN_0040be20; [4]=CDSView_DispatchEvent,
CTcpIpConfig,0x00481284,,IDSChained,6,0,FUN_004011f0,FUN_0042ac90,FUN_0041aa40,[0]=FUN_004011f0; [1]=FUN_0042ac90; [2]=FUN_0041aa40; [3]=FUN_0040c540; [4]=CDSView_NoOpStub; [5]=CDSView_NoOpStub,
CTcpIpConfig,0x004812a4,0x0,primary,28,0,GetClassMeta,CWindow_vDtor,CDSObject_ReleaseViaVtable,[0]=GetClassMeta; [1]=CWindow_vDtor; [2]=CDSObject_ReleaseViaVtable; [3]=CDSView_GetDataSize; [4]=CDSView_SaveData; [5]=CDSView_LoadData,
CTeleportPoint,0x004823d0,,IDSEventHandler,4,0,GetTypeInfo_Sub78,FUN_0041ab40,FUN_00419930,[0]=GetTypeInfo_Sub78; [1]=FUN_0041ab40; [2]=FUN_00419930; [3]=FUN_00419b20,
CTeleportPoint,0x004823e4,,IDSChained,5,0,IDSAnim_NotifyEvents,IDSAnim_BindUserData,IDSAnim_SetSequence_thunk,[0]=IDSAnim_NotifyEvents; [1]=IDSAnim_BindUserData; [2]=IDSAnim_SetSequence_thunk; [3]=CDSView_EmptyHook27; [4]=OnEvent,
CTeleportPoint,0x004823fc,,IDSEventHandler,4,0,GetTypeInfo_Sub68,FUN_0041a980,FUN_00418ed0,[0]=GetTypeInfo_Sub68; [1]=FUN_0041a980; [2]=FUN_00418ed0; [3]=FUN_00419b30,
CTeleportPoint,0x00482410,,IDSEventHandler,4,0,FUN_00402890,FUN_004049d0,FUN_00423db0,[0]=FUN_00402890; [1]=FUN_004049d0; [2]=FUN_00423db0; [3]=FUN_00419b10,
CTeleportPoint,0x00482424,,IDSChained,5,0,FUN_00402880,FUN_004049c0,FUN_004034a0,[0]=FUN_00402880; [1]=FUN_004049c0; [2]=FUN_004034a0; [3]=FUN_0041ab30; [4]=CDSView_DispatchEvent,
CTeleportPoint,0x0048243c,,IDSChained,6,0,FUN_004011f0,FUN_0042ac90,FUN_0041aa40,[0]=FUN_004011f0; [1]=FUN_0042ac90; [2]=FUN_0041aa40; [3]=FUN_00419a90; [4]=CDSView_NoOpStub; [5]=CDSView_NoOpStub,
CTeleportPoint,0x0048245c,0x0,primary,31,0,FUN_0041a970,FUN_0041ab50,CDSObject_ReleaseViaVtable,[0]=FUN_0041a970; [1]=FUN_0041ab50; [2]=CDSObject_ReleaseViaVtable; [3]=CDSView_GetDataSize; [4]=CDSView_SaveData; [5]=CDSView_LoadData,
CVolume,0x00481180,,IDSChained,5,0,FUN_004034d0,FUN_00404de0,FUN_004229a0,[0]=FUN_004034d0; [1]=FUN_00404de0; [2]=FUN_004229a0; [3]=CVolume_AdjustorThunk18_Dtor; [4]=CScrollBar_Invalidate,
CVolume,0x00481198,,IDSEventHandler,4,0,FUN_00402890,FUN_004049d0,FUN_00423db0,[0]=FUN_00402890; [1]=FUN_004049d0; [2]=FUN_00423db0; [3]=CVolume_AdjustorThunk04_Dtor,
CVolume,0x004811ac,,IDSChained,5,0,FUN_00402880,FUN_004049c0,FUN_004034a0,[0]=FUN_00402880; [1]=FUN_004049c0; [2]=FUN_004034a0; [3]=CVolume_AdjustorThunk68_Dtor; [4]=CDSView_DispatchEvent,
CVolume,0x004811c4,,IDSChained,6,0,FUN_004011f0,FUN_0042ac90,FUN_0041aa40,[0]=FUN_004011f0; [1]=FUN_0042ac90; [2]=FUN_0041aa40; [3]=CVolume_AdjustorThunk10_Dtor; [4]=CDSView_NoOpStub; [5]=CDSView_NoOpStub,
CVolume,0x004811e4,0x0,primary,28,0,CVolume_GetTypeDescriptor,CVolume_vDtor,CDSObject_ReleaseViaVtable,[0]=CVolume_GetTypeDescriptor; [1]=CVolume_vDtor; [2]=CDSObject_ReleaseViaVtable; [3]=CDSView_GetDataSize; [4]=CDSView_SaveData; [5]=CDSView_LoadData,
CWeapon,0x00481ed4,,IDSChained,5,0,FUN_0041bf70,CDSView_OnMouseStub,Init,[0]=FUN_0041bf70; [1]=CDSView_OnMouseStub; [2]=Init; [3]=FUN_00417a00; [4]=Fire,
CWeapon,0x00481eec,,IDSEventHandler,4,0,FUN_00418f60,FUN_0041dae0,FUN_00416750,[0]=FUN_00418f60; [1]=FUN_0041dae0; [2]=FUN_00416750; [3]=FUN_00434b10,
CWindow,0x0047fd10,,IDSEventHandler,4,0,FUN_00402890,FUN_004049d0,FUN_00423db0,[0]=FUN_00402890; [1]=FUN_004049d0; [2]=FUN_00423db0; [3]=FUN_0040bc10,
CWindow,0x0047fd24,,IDSChained,5,0,FUN_00402880,FUN_004049c0,FUN_004034a0,[0]=FUN_00402880; [1]=FUN_004049c0; [2]=FUN_004034a0; [3]=FUN_0040be20; [4]=CDSView_DispatchEvent,
CWindow,0x0047fd3c,,IDSChained,6,0,FUN_004011f0,FUN_0042ac90,FUN_0041aa40,[0]=FUN_004011f0; [1]=FUN_0042ac90; [2]=FUN_0041aa40; [3]=FUN_0040c540; [4]=CDSView_NoOpStub; [5]=CDSView_NoOpStub,
CWindow,0x0047fd5c,0x0,primary,28,0,CWindow_GetTypeDescriptor,CWindow_vDtor,CDSObject_ReleaseViaVtable,[0]=CWindow_GetTypeDescriptor; [1]=CWindow_vDtor; [2]=CDSObject_ReleaseViaVtable; [3]=CDSView_GetDataSize; [4]=CDSView_SaveData; [5]=CDSView_LoadData,
ODSImage,0x00481ab4,0xa0,IDSChained,5,2,__purecall,CDSView_OnMouseStub,__purecall,[0]=__purecall; [1]=CDSView_OnMouseStub; [2]=__purecall; [3]=CDSView_EmptyHook27; [4]=CDSView_OnMouseStub,
std::bad_alloc,0x004895c0,,IDSChained,5,0,FUN_00447c08,FUN_0044bf84,__fpmath,[0]=FUN_00447c08; [1]=FUN_0044bf84; [2]=__fpmath; [3]=FUN_00448a97; [4]=FUN_00448a97,
std::bad_exception,0x00489638,,CDSObject,2,0,FUN_0044b047,FUN_0044bf84,,[0]=FUN_0044b047; [1]=FUN_0044bf84,
std::exception,0x0048965c,,CDSObject,2,0,FUN_0044bf91,FUN_0044bf84,,[0]=FUN_0044bf91; [1]=FUN_0044bf84,
type_info,0x004895b8,,face_1slots,1,0,`scalar_deleting_destructor',,,[0]=`scalar_deleting_destructor',
